mode,status,fail_date,years,min_mmr,min_mmr_date,min_runway,max_debt,total_interest,final_E,final_A,min_wQ,avg_wQ,cum_living,start,E_10y,y_wQ_lt_05,beta
A,ok,,26.96,,,25.64,0.0,0.0,6.2737,6.2737,0.443,0.706,0.54,1999-09-01,0.785,0.2,0.7
B,ok,,26.96,3.268,2009-03-09,28.18,0.7516,0.2116,9.1063,9.8578,0.443,0.706,0.54,1999-09-01,0.7732,0.2,0.7
C1,ok,,26.96,1.602,2002-07-01,14.36,0.7516,0.2116,9.0956,9.8472,0.443,0.706,0.54,1999-09-01,0.7732,0.2,0.7
C2,ok,,26.96,1.61,2009-03-09,26.76,0.331,0.071,5.6012,5.9322,0.368,0.604,0.54,1999-09-01,0.7815,4.4,0.7
A,ok,,26.96,,,29.33,0.0,0.0,5.3294,5.3294,0.338,0.608,0.54,1999-09-01,0.8593,0.9,0.6
B,ok,,26.96,3.691,2009-03-09,32.08,0.7516,0.2116,7.4571,8.2087,0.338,0.608,0.54,1999-09-01,0.8499,0.9,0.6
C1,ok,,26.96,1.602,2002-07-01,19.16,0.6954,0.1984,7.4438,7.7559,0.338,0.61,0.54,1999-09-01,0.8499,0.9,0.6
C2,ok,,26.96,1.61,2009-03-09,28.93,0.331,0.071,5.2251,5.5561,0.338,0.557,0.54,1999-09-01,0.8503,4.9,0.6
A,ok,,26.79,,,23.49,0.0,0.0,5.2576,5.2576,0.444,0.706,0.54,1999-11-03,0.7057,0.1,0.7
B,ok,,26.79,2.816,2008-11-20,25.08,0.749,0.209,8.0958,8.8448,0.444,0.706,0.54,1999-11-03,0.706,0.1,0.7
C1,ok,,26.79,1.601,2008-10-23,11.81,0.749,0.209,7.8242,8.5732,0.444,0.702,0.54,1999-11-03,0.6799,0.1,0.7
C2,ok,,26.79,1.6,2001-03-12,30.58,0.2953,0.0553,5.8881,6.1834,0.255,0.595,0.54,1999-11-03,0.8728,5.3,0.7
A,ok,,26.79,,,26.91,0.0,0.0,4.5223,4.5223,0.339,0.607,0.54,1999-11-03,0.7748,1.2,0.6
B,ok,,26.79,3.185,2009-03-09,28.7,0.749,0.209,6.6672,7.4162,0.339,0.607,0.54,1999-11-03,0.7768,1.2,0.6
C1,ok,,26.79,1.601,2008-10-23,15.42,0.5819,0.1518,6.3439,6.3118,0.339,0.611,0.54,1999-11-03,0.7768,1.2,0.6
C2,ok,,26.79,1.6,2001-03-12,29.95,0.2953,0.0553,4.9177,5.213,0.255,0.552,0.54,1999-11-03,0.8521,5.3,0.6
A,ok,,26.62,,,17.28,0.0,0.0,3.469,3.469,0.514,0.702,0.54,2000-01-05,0.5301,0.0,0.7
B,ok,,26.62,2.206,2009-03-09,19.81,0.7463,0.2063,6.2449,6.9912,0.514,0.702,0.54,2000-01-05,0.5343,0.0,0.7
C1,ok,,26.62,1.603,2008-10-24,4.29,0.6107,0.1764,5.7261,5.7475,0.514,0.7,0.54,2000-01-05,0.5007,0.0,0.7
C2,ok,,26.62,1.602,2002-09-30,20.44,0.2941,0.0541,3.6704,3.9645,0.312,0.591,0.54,2000-01-05,0.6052,7.0,0.7
A,ok,,26.62,,,20.86,0.0,0.0,3.1859,3.1859,0.405,0.604,0.54,2000-01-05,0.6064,1.3,0.6
B,ok,,26.62,2.564,2009-03-09,23.31,0.7463,0.2063,5.2922,6.0385,0.405,0.604,0.54,2000-01-05,0.6119,1.3,0.6
C1,ok,,26.62,1.603,2008-10-24,8.46,0.4972,0.1227,4.7,4.6648,0.405,0.606,0.54,2000-01-05,0.5915,1.3,0.6
C2,ok,,26.62,1.602,2002-09-30,21.7,0.2941,0.0541,3.3942,3.6883,0.312,0.548,0.54,2000-01-05,0.6398,7.0,0.6
A,ok,,26.44,,,15.22,0.0,0.0,2.6629,2.6629,0.49,0.707,0.54,2000-03-08,0.451,0.0,0.7
B,ok,,26.44,2.145,2009-03-20,17.64,0.7437,0.2037,5.4913,6.235,0.49,0.707,0.54,2000-03-08,0.47,0.0,0.7
C1,ok,,26.44,1.609,2000-11-21,5.72,0.4271,0.1456,4.644,4.8083,0.49,0.706,0.54,2000-03-08,0.4332,0.0,0.7
C2,ok,,26.44,1.606,2002-07-01,16.53,0.2913,0.0513,2.5335,2.8248,0.35,0.596,0.54,2000-03-08,0.48,4.8,0.7
A,ok,,26.44,,,19.05,0.0,0.0,2.639,2.639,0.382,0.609,0.54,2000-03-08,0.5395,0.9,0.6
B,ok,,26.44,2.519,2009-03-20,21.26,0.7437,0.2037,4.7796,5.5233,0.382,0.609,0.54,2000-03-08,0.5572,0.9,0.6
C1,ok,,26.44,1.609,2000-11-21,5.98,0.4052,0.1109,3.9286,3.8987,0.382,0.612,0.54,2000-03-08,0.5262,0.9,0.6
C2,ok,,26.44,1.606,2002-07-01,19.01,0.2913,0.0513,2.6665,2.9578,0.35,0.553,0.54,2000-03-08,0.5495,5.1,0.6
A,ok,,26.27,,,18.08,0.0,0.0,3.3627,3.3627,0.495,0.707,0.54,2000-05-10,0.5256,0.0,0.7
B,ok,,26.27,2.516,2009-03-09,19.82,0.7411,0.2011,6.0608,6.8019,0.495,0.707,0.54,2000-05-10,0.5346,0.0,0.7
C1,ok,,26.27,1.601,2002-08-05,6.41,0.5495,0.1358,5.4464,5.4817,0.495,0.707,0.54,2000-05-10,0.517,0.0,0.7
C2,ok,,26.27,1.609,2009-03-09,20.35,0.2963,0.0563,3.2911,3.5873,0.338,0.594,0.54,2000-05-10,0.5478,5.2,0.7
A,ok,,26.27,,,21.32,0.0,0.0,3.0491,3.0491,0.386,0.609,0.54,2000-05-10,0.597,0.9,0.6
B,ok,,26.27,2.914,2009-03-09,23.22,0.7411,0.2011,5.0765,5.8177,0.386,0.609,0.54,2000-05-10,0.6051,0.9,0.6
C1,ok,,26.27,1.601,2002-08-05,10.2,0.4866,0.1208,4.5114,4.4085,0.386,0.614,0.54,2000-05-10,0.6049,0.9,0.6
C2,ok,,26.27,1.609,2009-03-09,22.06,0.2963,0.0563,3.1565,3.4528,0.338,0.552,0.54,2000-05-10,0.6042,5.4,0.6
A,ok,,26.1,,,17.39,0.0,0.0,3.3012,3.3012,0.446,0.703,0.54,2000-07-12,0.5071,0.1,0.7
B,ok,,26.1,2.498,2009-03-09,19.25,0.7385,0.1985,5.9634,6.7019,0.446,0.703,0.54,2000-07-12,0.5127,0.1,0.7
C1,ok,,26.1,1.6,2001-09-21,5.48,0.6027,0.1696,5.7904,5.846,0.446,0.704,0.54,2000-07-12,0.5084,0.1,0.7
C2,ok,,26.1,1.601,2002-07-23,18.97,0.3169,0.0569,3.2411,3.558,0.35,0.597,0.54,2000-07-12,0.5241,4.9,0.7
A,ok,,26.1,,,20.82,0.0,0.0,3.0738,3.0738,0.341,0.604,0.54,2000-07-12,0.5893,1.0,0.6
B,ok,,26.1,2.936,2009-03-09,22.83,0.7385,0.1985,5.0692,5.8077,0.341,0.604,0.54,2000-07-12,0.5942,1.0,0.6
C1,ok,,26.1,1.6,2001-09-21,9.76,0.4559,0.1062,4.5606,4.5663,0.341,0.609,0.54,2000-07-12,0.5942,1.0,0.6
C2,ok,,26.1,1.601,2002-07-23,21.01,0.3169,0.0569,3.1696,3.4865,0.341,0.551,0.54,2000-07-12,0.5928,5.4,0.6
A,ok,,25.92,,,18.63,0.0,0.0,3.9229,3.9229,0.427,0.706,0.52,2000-09-13,0.6015,0.2,0.7
B,ok,,25.92,2.721,2009-03-09,20.76,0.7159,0.1959,6.6536,7.3695,0.427,0.706,0.52,2000-09-13,0.6277,0.2,0.7
C1,ok,,25.92,1.621,2009-03-09,11.05,0.6608,0.1861,6.6339,7.0252,0.427,0.707,0.52,2000-09-13,0.6277,0.2,0.7
C2,ok,,25.92,1.602,2002-09-23,18.72,0.274,0.054,3.1021,3.3761,0.384,0.592,0.52,2000-09-13,0.5542,4.2,0.7
A,ok,,25.92,,,22.25,0.0,0.0,3.6122,3.6122,0.324,0.608,0.52,2000-09-13,0.6898,0.7,0.6
B,ok,,25.92,3.188,2009-03-09,24.5,0.7159,0.1959,5.6586,6.3745,0.324,0.608,0.52,2000-09-13,0.7122,0.7,0.6
C1,ok,,25.92,1.621,2009-03-09,15.75,0.4866,0.1189,5.0053,4.7642,0.324,0.614,0.52,2000-09-13,0.7122,0.7,0.6
C2,ok,,25.92,1.602,2002-09-23,21.65,0.274,0.054,3.3403,3.6143,0.324,0.551,0.52,2000-09-13,0.6587,4.7,0.6
A,ok,,25.75,,,20.86,0.0,0.0,4.4254,4.4254,0.455,0.702,0.52,2000-11-15,0.6874,0.1,0.7
B,ok,,25.75,2.787,2009-03-09,22.23,0.7134,0.1934,7.1277,7.8411,0.455,0.702,0.52,2000-11-15,0.7258,0.1,0.7
C1,ok,,25.75,1.606,2001-02-28,10.16,0.6608,0.1855,6.7829,7.1947,0.455,0.699,0.52,2000-11-15,0.686,0.1,0.7
C2,ok,,25.75,1.606,2001-02-28,22.13,0.3216,0.0616,4.2023,4.5239,0.339,0.603,0.52,2000-11-15,0.6722,4.7,0.7
A,ok,,25.75,,,24.49,0.0,0.0,3.9015,3.9015,0.35,0.604,0.52,2000-11-15,0.7587,1.3,0.6
B,ok,,25.75,3.185,2009-03-09,25.73,0.7134,0.1934,5.9396,6.653,0.35,0.604,0.52,2000-11-15,0.7935,1.3,0.6
C1,ok,,25.75,1.606,2001-02-28,13.88,0.5178,0.1205,5.3719,5.1307,0.35,0.609,0.52,2000-11-15,0.7935,1.2,0.6
C2,ok,,25.75,1.606,2001-02-28,24.58,0.3216,0.0616,3.9609,4.2825,0.339,0.554,0.52,2000-11-15,0.7453,5.3,0.6
A,ok,,25.58,,,23.71,0.0,0.0,5.3325,5.3325,0.504,0.706,0.52,2001-01-17,0.8507,0.0,0.7
B,ok,,25.58,3.14,2009-03-09,24.87,0.7109,0.1909,7.9985,8.7094,0.504,0.706,0.52,2001-01-17,0.9081,0.0,0.7
C1,ok,,25.58,1.605,2001-03-29,13.11,0.7109,0.1909,7.7975,8.5084,0.504,0.703,0.52,2001-01-17,0.8818,0.0,0.7
C2,ok,,25.58,1.605,2001-03-29,25.95,0.3762,0.0762,5.4649,5.8411,0.34,0.621,0.52,2001-01-17,0.8252,4.1,0.7
A,ok,,25.58,,,26.88,0.0,0.0,4.5114,4.5114,0.395,0.607,0.52,2001-01-17,0.9033,1.2,0.6
B,ok,,25.58,3.513,2009-03-09,28.15,0.7109,0.1909,6.5148,7.2257,0.395,0.607,0.52,2001-01-17,0.9538,1.2,0.6
C1,ok,,25.58,1.605,2001-03-29,16.6,0.5495,0.1575,6.3686,6.2229,0.395,0.61,0.52,2001-01-17,0.9538,1.2,0.6
C2,ok,,25.58,1.605,2001-03-29,27.52,0.3762,0.0762,4.8109,5.1871,0.34,0.565,0.52,2001-01-17,0.885,4.7,0.6
A,ok,,25.41,,,30.88,0.0,0.0,7.9041,7.9041,0.565,0.711,0.52,2001-03-21,1.1745,0.0,0.7
B,ok,,25.41,4.51,2009-03-30,32.22,0.7084,0.1884,10.6328,11.3411,0.565,0.711,0.52,2001-03-21,1.2389,0.0,0.7
C1,ok,,25.41,1.608,2002-08-02,22.95,0.7084,0.1884,10.6328,11.3411,0.565,0.711,0.52,2001-03-21,1.2389,0.0,0.7
C2,ok,,25.41,1.608,2002-06-21,33.62,0.4253,0.0853,8.3931,8.8184,0.358,0.642,0.52,2001-03-21,1.1193,2.9,0.7
A,ok,,25.41,,,33.36,0.0,0.0,6.2264,6.2264,0.455,0.614,0.52,2001-03-21,1.1698,0.5,0.6
B,ok,,25.41,4.73,2009-03-30,34.8,0.7084,0.1884,8.2805,8.9888,0.455,0.614,0.52,2001-03-21,1.2259,0.5,0.6
C1,ok,,25.41,1.608,2002-08-02,25.7,0.6876,0.1876,8.2725,8.9601,0.455,0.614,0.52,2001-03-21,1.2259,0.5,0.6
C2,ok,,25.41,1.608,2002-06-21,34.16,0.4253,0.0853,6.7608,7.1861,0.358,0.579,0.52,2001-03-21,1.14,2.9,0.6
A,ok,,25.23,,,26.19,0.0,0.0,6.1436,6.1436,0.545,0.706,0.52,2001-05-23,0.9822,0.0,0.7
B,ok,,25.23,4.007,2009-03-09,27.52,0.7058,0.1858,8.6648,9.3706,0.545,0.706,0.52,2001-05-23,1.0374,0.0,0.7
C1,ok,,25.23,1.608,2001-09-19,18.53,0.7058,0.1858,8.6648,9.3706,0.545,0.706,0.52,2001-05-23,1.0374,0.0,0.7
C2,ok,,25.23,1.605,2008-10-23,22.72,0.4847,0.1047,6.1686,6.6532,0.395,0.651,0.52,2001-05-23,0.8271,2.2,0.7
A,ok,,25.23,,,29.02,0.0,0.0,4.9619,4.9619,0.435,0.607,0.52,2001-05-23,1.0019,0.7,0.6
B,ok,,25.23,4.383,2009-03-09,30.44,0.7058,0.1858,6.8477,7.5535,0.435,0.607,0.52,2001-05-23,1.0489,0.7,0.6
C1,ok,,25.23,1.608,2001-09-19,21.88,0.5937,0.156,6.7515,6.5711,0.435,0.61,0.52,2001-05-23,1.0489,0.7,0.6
C2,ok,,25.23,1.605,2008-10-23,26.83,0.4847,0.1047,5.3746,5.8593,0.395,0.58,0.52,2001-05-23,0.921,3.0,0.6
A,ok,,25.06,,,30.62,0.0,0.0,7.87,7.87,0.557,0.708,0.52,2001-07-25,1.2039,0.0,0.7
B,ok,,25.06,4.766,2009-03-09,32.15,0.7033,0.1833,10.4221,11.1255,0.557,0.708,0.52,2001-07-25,1.2649,0.0,0.7
C1,ok,,25.06,1.605,2002-06-25,24.5,0.7033,0.1833,10.4221,11.1255,0.557,0.708,0.52,2001-07-25,1.2649,0.0,0.7
C2,ok,,25.06,1.605,2002-06-25,25.09,0.5459,0.1259,7.954,8.4999,0.456,0.669,0.52,2001-07-25,1.0215,0.6,0.7
A,ok,,25.06,,,33.08,0.0,0.0,6.1573,6.1573,0.447,0.609,0.52,2001-07-25,1.1939,0.4,0.6
B,ok,,25.06,5.097,2009-03-09,34.68,0.7033,0.1833,8.059,8.7623,0.447,0.609,0.52,2001-07-25,1.2453,0.4,0.6
C1,ok,,25.06,1.605,2002-06-25,27.44,0.6484,0.1697,8.0643,7.555,0.447,0.611,0.52,2001-07-25,1.2453,0.4,0.6
C2,ok,,25.06,1.605,2002-06-25,29.5,0.5459,0.1259,6.7242,7.2701,0.447,0.59,0.52,2001-07-25,1.106,1.0,0.6
A,ok,,24.9,,,36.9,0.0,0.0,10.3334,10.3334,0.611,0.715,0.5,2001-09-26,1.4798,0.0,0.7
B,ok,,24.9,5.741,2009-03-09,38.64,0.6811,0.1811,12.9748,13.6559,0.611,0.715,0.5,2001-09-26,1.542,0.0,0.7
C1,ok,,24.9,1.678,2009-03-09,34.84,0.6811,0.1811,12.9748,13.6559,0.611,0.715,0.5,2001-09-26,1.542,0.0,0.7
C2,ok,,24.9,1.62,2008-11-18,36.54,0.4792,0.1192,9.0827,9.5619,0.403,0.66,0.5,2001-09-26,1.2657,1.2,0.7
A,ok,,24.9,,,38.54,0.0,0.0,7.7904,7.7904,0.503,0.617,0.5,2001-09-26,1.4201,0.0,0.6
B,ok,,24.9,5.944,2009-03-09,40.32,0.6811,0.1811,9.7557,10.4368,0.503,0.617,0.5,2001-09-26,1.4725,0.0,0.6
C1,ok,,24.9,1.678,2009-03-09,36.52,0.6811,0.1811,9.7557,10.4368,0.503,0.617,0.5,2001-09-26,1.4725,0.0,0.6
C2,ok,,24.9,1.62,2008-11-18,37.94,0.4792,0.1192,7.8102,8.2894,0.403,0.589,0.5,2001-09-26,1.3192,1.2,0.6
A,ok,,24.73,,,31.87,0.0,0.0,8.4234,8.4234,0.534,0.708,0.5,2001-11-28,1.2024,0.0,0.7
B,ok,,24.73,4.712,2009-03-09,32.53,0.6787,0.1787,11.0423,11.721,0.534,0.708,0.5,2001-11-28,1.2571,0.0,0.7
C1,ok,,24.73,1.6,2008-10-27,25.65,0.6787,0.1787,11.0423,11.721,0.534,0.708,0.5,2001-11-28,1.2571,0.0,0.7
C2,ok,,24.73,1.6,2008-10-22,26.42,0.5312,0.1312,7.7867,8.3179,0.459,0.669,0.5,2001-11-28,0.9883,1.1,0.7
A,ok,,24.73,,,34.38,0.0,0.0,6.6375,6.6375,0.424,0.61,0.5,2001-11-28,1.2035,0.6,0.6
B,ok,,24.73,5.023,2009-03-09,35.1,0.6787,0.1787,8.612,9.2907,0.424,0.61,0.5,2001-11-28,1.2526,0.6,0.6
C1,ok,,24.73,1.6,2008-10-27,28.41,0.6787,0.1787,8.612,9.2907,0.424,0.61,0.5,2001-11-28,1.2526,0.6,0.6
C2,ok,,24.73,1.6,2008-10-22,29.98,0.5312,0.1312,6.944,7.4752,0.424,0.59,0.5,2001-11-28,1.0981,1.7,0.6
A,ok,,24.56,,,33.06,0.0,0.0,8.6389,8.6389,0.547,0.709,0.5,2002-01-30,1.3498,0.0,0.7
B,ok,,24.56,4.894,2009-03-09,33.73,0.6763,0.1763,11.1541,11.8303,0.547,0.709,0.5,2002-01-30,1.4238,0.0,0.7
C1,ok,,24.56,1.613,2002-07-10,26.88,0.6763,0.1763,11.1541,11.8303,0.547,0.709,0.5,2002-01-30,1.4238,0.0,0.7
C2,ok,,24.56,1.612,2008-11-18,26.01,0.5839,0.1439,8.4722,9.0561,0.466,0.686,0.5,2002-01-30,1.1036,0.2,0.7
A,ok,,24.56,,,35.45,0.0,0.0,6.7364,6.7364,0.437,0.611,0.5,2002-01-30,1.327,0.7,0.6
B,ok,,24.56,5.19,2009-03-09,36.17,0.6763,0.1763,8.6181,9.2944,0.437,0.611,0.5,2002-01-30,1.3908,0.7,0.6
C1,ok,,24.56,1.613,2002-07-10,29.49,0.6763,0.1763,8.6181,9.2944,0.437,0.611,0.5,2002-01-30,1.3908,0.7,0.6
C2,ok,,24.56,1.612,2008-11-18,29.48,0.5839,0.1439,7.2936,7.8775,0.437,0.599,0.5,2002-01-30,1.2115,0.9,0.6
A,ok,,24.39,,,34.45,0.0,0.0,9.0821,9.0821,0.563,0.71,0.5,2002-04-03,1.5267,0.0,0.7
B,ok,,24.39,5.794,2009-04-07,35.16,0.6739,0.1739,11.5499,12.2238,0.563,0.71,0.5,2002-04-03,1.6211,0.0,0.7
C1,ok,,24.39,1.604,2002-08-05,29.81,0.6739,0.1739,11.5499,12.2238,0.563,0.71,0.5,2002-04-03,1.6211,0.0,0.7
C2,ok,,24.39,1.604,2002-08-05,28.49,0.5818,0.1418,9.1681,9.7499,0.465,0.686,0.5,2002-04-03,1.3141,0.5,0.7
A,ok,,24.39,,,36.6,0.0,0.0,6.9818,6.9818,0.453,0.612,0.5,2002-04-03,1.4624,0.6,0.6
B,ok,,24.39,5.953,2009-04-07,37.35,0.6739,0.1739,8.834,9.5079,0.453,0.612,0.5,2002-04-03,1.5424,0.6,0.6
C1,ok,,24.39,1.604,2002-08-05,32.1,0.6739,0.1739,8.834,9.5079,0.453,0.612,0.5,2002-04-03,1.5424,0.6,0.6
C2,ok,,24.39,1.604,2002-08-05,31.9,0.5818,0.1418,7.661,8.2428,0.453,0.6,0.5,2002-04-03,1.3743,1.0,0.6
A,ok,,24.22,,,38.28,0.0,0.0,10.308,10.308,0.547,0.71,0.5,2002-06-05,1.5854,0.0,0.7
B,ok,,24.22,6.58,2009-03-09,39.05,0.6714,0.1714,12.6959,13.3673,0.547,0.71,0.5,2002-06-05,1.6488,0.0,0.7
C1,ok,,24.22,1.624,2008-11-18,35.44,0.6714,0.1714,12.6959,13.3673,0.547,0.71,0.5,2002-06-05,1.6488,0.0,0.7
C2,ok,,24.22,1.624,2008-11-18,35.44,0.5903,0.1503,10.8756,11.4659,0.473,0.685,0.5,2002-06-05,1.4996,0.6,0.7
A,ok,,24.22,,,39.87,0.0,0.0,7.6965,7.6965,0.437,0.611,0.5,2002-06-05,1.495,0.5,0.6
B,ok,,24.22,6.777,2009-03-09,40.68,0.6714,0.1714,9.4825,10.1539,0.437,0.611,0.5,2002-06-05,1.5482,0.5,0.6
C1,ok,,24.22,1.624,2008-11-18,36.97,0.6714,0.1714,9.4825,10.1539,0.437,0.611,0.5,2002-06-05,1.5482,0.5,0.6
C2,ok,,24.22,1.624,2008-11-18,36.97,0.5903,0.1503,8.642,9.2323,0.437,0.599,0.5,2002-06-05,1.4711,1.1,0.6
A,ok,,24.04,,,45.36,0.0,0.0,12.9741,12.9741,0.556,0.712,0.5,2002-08-07,2.1021,0.0,0.7
B,ok,,24.04,8.008,2009-03-09,46.27,0.669,0.169,15.3666,16.0356,0.556,0.712,0.5,2002-08-07,2.1938,0.0,0.7
C1,ok,,24.04,1.606,2009-03-09,44.39,0.669,0.169,15.3666,16.0356,0.556,0.712,0.5,2002-08-07,2.1938,0.0,0.7
C2,ok,,24.04,1.606,2009-03-09,44.39,0.582,0.142,13.4997,14.0817,0.482,0.687,0.5,2002-08-07,1.9615,0.2,0.7
A,ok,,24.04,,,45.91,0.0,0.0,9.4077,9.4077,0.446,0.614,0.5,2002-08-07,1.9105,0.4,0.6
B,ok,,24.04,8.042,2009-03-09,46.84,0.669,0.169,11.1859,11.8549,0.446,0.614,0.5,2002-08-07,1.9868,0.4,0.6
C1,ok,,24.04,1.606,2009-03-09,44.95,0.669,0.169,11.1859,11.8549,0.446,0.614,0.5,2002-08-07,1.9868,0.4,0.6
C2,ok,,24.04,1.606,2009-03-09,44.95,0.582,0.142,10.3156,10.8976,0.446,0.601,0.5,2002-08-07,1.871,0.6,0.6
A,ok,,23.87,,,48.76,0.0,0.0,15.2874,15.2874,0.579,0.716,0.48,2002-10-09,2.4379,0.0,0.7
B,ok,,23.87,8.741,2009-03-09,49.76,0.6467,0.1667,17.7724,18.4191,0.579,0.716,0.48,2002-10-09,2.54,0.0,0.7
C1,ok,,23.87,1.771,2009-03-09,47.76,0.6467,0.1667,17.7724,18.4191,0.579,0.716,0.48,2002-10-09,2.54,0.0,0.7
C2,ok,,23.87,1.618,2009-03-09,47.76,0.565,0.145,14.9956,15.5606,0.449,0.692,0.48,2002-10-09,2.2934,0.5,0.7
A,ok,,23.87,,,48.79,0.0,0.0,11.0784,11.0784,0.469,0.619,0.48,2002-10-09,2.2039,0.0,0.6
B,ok,,23.87,8.703,2009-03-09,49.79,0.6467,0.1667,12.9362,13.5829,0.469,0.619,0.48,2002-10-09,2.2903,0.0,0.6
C1,ok,,23.87,1.771,2009-03-09,47.79,0.6467,0.1667,12.9362,13.5829,0.469,0.619,0.48,2002-10-09,2.2903,0.0,0.6
C2,ok,,23.87,1.618,2009-03-09,47.79,0.565,0.145,11.7276,12.2926,0.449,0.606,0.48,2002-10-09,2.1668,0.6,0.6
A,ok,,23.69,,,46.65,0.0,0.0,12.5893,12.5893,0.533,0.711,0.48,2002-12-11,1.9648,0.0,0.7
B,ok,,23.69,7.294,2009-03-09,47.6,0.6443,0.1643,14.986,15.6304,0.533,0.711,0.48,2002-12-11,2.0455,0.0,0.7
C1,ok,,23.69,1.621,2008-11-18,41.79,0.6443,0.1643,14.986,15.6304,0.533,0.711,0.48,2002-12-11,2.0455,0.0,0.7
C2,ok,,23.69,1.621,2008-11-18,43.39,0.563,0.143,12.004,12.567,0.464,0.687,0.48,2002-12-11,1.7897,0.4,0.7
A,ok,,23.69,,,47.01,0.0,0.0,9.3435,9.3435,0.423,0.614,0.48,2002-12-11,1.822,0.2,0.6
B,ok,,23.69,7.407,2009-03-09,47.97,0.6443,0.1643,11.1509,11.7952,0.423,0.614,0.48,2002-12-11,1.8913,0.2,0.6
C1,ok,,23.69,1.621,2008-11-18,42.65,0.6443,0.1643,11.1509,11.7952,0.423,0.614,0.48,2002-12-11,1.8913,0.2,0.6
C2,ok,,23.69,1.621,2008-11-18,43.42,0.563,0.143,9.8207,10.3837,0.423,0.601,0.48,2002-12-11,1.7598,0.6,0.6
A,ok,,23.53,,,48.52,0.0,0.0,12.8359,12.8359,0.572,0.712,0.48,2003-02-12,2.0957,0.0,0.7
B,ok,,23.53,7.53,2009-03-09,49.51,0.642,0.162,15.145,15.787,0.572,0.712,0.48,2003-02-12,2.1844,0.0,0.7
C1,ok,,23.53,1.617,2008-11-19,43.21,0.642,0.162,15.145,15.787,0.572,0.712,0.48,2003-02-12,2.1844,0.0,0.7
C2,ok,,23.53,1.617,2008-11-19,44.58,0.5609,0.1409,12.0324,12.5933,0.458,0.688,0.48,2003-02-12,1.8926,0.2,0.7
A,ok,,23.53,,,48.59,0.0,0.0,9.4378,9.4378,0.463,0.614,0.48,2003-02-12,1.9217,0.2,0.6
B,ok,,23.53,7.597,2009-03-09,49.59,0.642,0.162,11.1675,11.8095,0.463,0.614,0.48,2003-02-12,1.9966,0.2,0.6
C1,ok,,23.53,1.617,2008-11-19,43.72,0.642,0.162,11.1675,11.8095,0.463,0.614,0.48,2003-02-12,1.9966,0.2,0.6
C2,ok,,23.53,1.617,2008-11-19,44.63,0.5609,0.1409,9.7979,10.3588,0.458,0.602,0.48,2003-02-12,1.8482,0.4,0.6
A,ok,,23.35,,,48.92,0.0,0.0,11.8249,11.8249,0.558,0.714,0.48,2003-04-16,1.9565,0.0,0.7
B,ok,,23.35,8.254,2009-04-20,49.92,0.6397,0.1597,14.069,14.7087,0.558,0.714,0.48,2003-04-16,2.0392,0.0,0.7
C1,ok,,23.35,1.606,2008-11-19,41.36,0.6397,0.1597,14.069,14.7087,0.558,0.714,0.48,2003-04-16,2.0392,0.0,0.7
C2,ok,,23.35,1.606,2008-11-19,41.36,0.6099,0.1499,12.7599,13.3698,0.5,0.706,0.48,2003-04-16,1.8548,0.0,0.7
A,ok,,23.35,,,48.93,0.0,0.0,8.7514,8.7514,0.448,0.617,0.48,2003-04-16,1.8073,0.4,0.6
B,ok,,23.35,8.196,2009-04-20,49.93,0.6397,0.1597,10.435,11.0747,0.448,0.617,0.48,2003-04-16,1.8772,0.4,0.6
C1,ok,,23.35,1.606,2008-11-19,42.34,0.6397,0.1597,10.435,11.0747,0.448,0.617,0.48,2003-04-16,1.8772,0.4,0.6
C2,ok,,23.35,1.606,2008-11-19,42.34,0.6099,0.1499,9.8546,10.4645,0.448,0.613,0.48,2003-04-16,1.7833,0.4,0.6
A,ok,,23.18,,,43.81,0.0,0.0,10.0959,10.0959,0.548,0.711,0.48,2003-06-18,1.7364,0.0,0.7
B,ok,,23.18,7.488,2009-03-09,48.6,0.6374,0.1574,12.2447,12.8821,0.548,0.711,0.48,2003-06-18,1.8174,0.0,0.7
C1,ok,,23.18,1.613,2008-11-18,35.86,0.6374,0.1574,12.2447,12.8821,0.548,0.711,0.48,2003-06-18,1.8174,0.0,0.7
C2,ok,,23.18,1.613,2008-11-18,35.86,0.5563,0.1363,10.5581,11.1143,0.467,0.686,0.48,2003-06-18,1.6565,0.7,0.7
A,ok,,23.18,,,45.17,0.0,0.0,7.5639,7.5639,0.438,0.613,0.48,2003-06-18,1.6188,0.5,0.6
B,ok,,23.18,7.501,2011-08-19,48.8,0.6374,0.1574,9.1758,9.8131,0.438,0.613,0.48,2003-06-18,1.6866,0.5,0.6
C1,ok,,23.18,1.613,2008-11-18,37.46,0.6374,0.1574,9.1758,9.8131,0.438,0.613,0.48,2003-06-18,1.6866,0.5,0.6
C2,ok,,23.18,1.613,2008-11-18,37.46,0.5563,0.1363,8.3895,8.9458,0.438,0.601,0.48,2003-06-18,1.6028,1.2,0.6
A,ok,,23.01,,,41.77,0.0,0.0,9.5807,9.5807,0.559,0.712,0.48,2003-08-20,1.7376,0.0,0.7
B,ok,,23.01,7.202,2009-03-09,46.57,0.6351,0.1551,11.6996,12.3347,0.559,0.712,0.48,2003-08-20,1.8331,0.0,0.7
C1,ok,,23.01,1.619,2008-11-18,33.84,0.6351,0.1551,11.6996,12.3347,0.559,0.712,0.48,2003-08-20,1.8331,0.0,0.7
C2,ok,,23.01,1.619,2008-11-18,33.84,0.5481,0.1281,10.1529,10.701,0.493,0.687,0.48,2003-08-20,1.6248,0.0,0.7
A,ok,,23.01,,,43.26,0.0,0.0,7.2106,7.2106,0.449,0.614,0.48,2003-08-20,1.616,0.4,0.6
B,ok,,23.01,7.19,2011-08-22,48.31,0.6351,0.1551,8.8004,9.4354,0.449,0.614,0.48,2003-08-20,1.6954,0.4,0.6
C1,ok,,23.01,1.619,2008-11-18,35.59,0.6351,0.1551,8.8004,9.4354,0.449,0.614,0.48,2003-08-20,1.6954,0.4,0.6
C2,ok,,23.01,1.619,2008-11-18,35.59,0.5481,0.1281,8.0302,8.5783,0.449,0.601,0.48,2003-08-20,1.5855,0.5,0.6
A,ok,,22.83,,,39.0,0.0,0.0,9.422,9.422,0.566,0.713,0.46,2003-10-22,1.8029,0.0,0.7
B,ok,,22.83,6.809,2009-03-09,43.82,0.6128,0.1528,11.5589,12.1717,0.566,0.713,0.46,2003-10-22,1.9214,0.0,0.7
C1,ok,,22.83,1.656,2008-10-22,32.53,0.6128,0.1528,11.5589,12.1717,0.566,0.713,0.46,2003-10-22,1.9214,0.0,0.7
C2,ok,,22.83,1.602,2008-11-18,33.81,0.5096,0.1296,9.0386,9.5482,0.456,0.679,0.46,2003-10-22,1.6938,0.6,0.7
A,ok,,22.83,,,40.79,0.0,0.0,7.2081,7.2081,0.456,0.615,0.46,2003-10-22,1.6887,0.1,0.6
B,ok,,22.83,7.122,2009-03-09,45.84,0.6128,0.1528,8.8197,9.4325,0.456,0.615,0.46,2003-10-22,1.7887,0.1,0.6
C1,ok,,22.83,1.656,2008-10-22,34.56,0.6128,0.1528,8.8197,9.4325,0.456,0.615,0.46,2003-10-22,1.7887,0.1,0.6
C2,ok,,22.83,1.602,2008-11-18,35.05,0.5096,0.1296,7.6497,8.1594,0.456,0.598,0.46,2003-10-22,1.6671,0.6,0.6
A,ok,,22.66,,,38.74,0.0,0.0,9.6124,9.6124,0.531,0.711,0.46,2003-12-24,1.8876,0.0,0.7
B,ok,,22.66,6.737,2009-03-09,43.48,0.6105,0.1505,11.7553,12.3658,0.531,0.711,0.46,2003-12-24,2.0188,0.0,0.7
C1,ok,,22.66,1.604,2008-10-24,32.09,0.6105,0.1505,11.7553,12.3658,0.531,0.711,0.46,2003-12-24,2.0188,0.0,0.7
C2,ok,,22.66,1.604,2008-10-24,33.18,0.5292,0.1292,9.278,9.8072,0.468,0.685,0.46,2003-12-24,1.7441,0.5,0.7
A,ok,,22.66,,,40.53,0.0,0.0,7.399,7.399,0.421,0.613,0.46,2003-12-24,1.7627,0.3,0.6
B,ok,,22.66,7.052,2009-03-09,45.52,0.6105,0.1505,9.0279,9.6384,0.421,0.613,0.46,2003-12-24,1.874,0.3,0.6
C1,ok,,22.66,1.604,2008-10-24,34.12,0.6105,0.1505,9.0279,9.6384,0.421,0.613,0.46,2003-12-24,1.874,0.3,0.6
C2,ok,,22.66,1.604,2008-10-24,34.66,0.5292,0.1292,7.8681,8.3974,0.421,0.6,0.46,2003-12-24,1.7274,0.8,0.6
A,ok,,22.5,,,37.44,0.0,0.0,9.0457,9.0457,0.571,0.713,0.46,2004-02-25,1.8827,0.0,0.7
B,ok,,22.5,6.573,2009-03-09,42.23,0.6084,0.1484,11.0988,11.7071,0.571,0.713,0.46,2004-02-25,2.024,0.0,0.7
C1,ok,,22.5,1.631,2008-11-18,30.64,0.6084,0.1484,11.0988,11.7071,0.571,0.713,0.46,2004-02-25,2.024,0.0,0.7
C2,ok,,22.5,1.631,2008-11-18,31.26,0.5273,0.1273,8.6126,9.1399,0.481,0.688,0.46,2004-02-25,1.7082,0.2,0.7
A,ok,,22.5,,,39.17,0.0,0.0,6.9354,6.9354,0.461,0.616,0.46,2004-02-25,1.7534,0.2,0.6
B,ok,,22.5,6.876,2009-03-09,44.19,0.6084,0.1484,8.4813,9.0897,0.461,0.616,0.46,2004-02-25,1.8722,0.2,0.6
C1,ok,,22.5,1.631,2008-11-18,32.59,0.6084,0.1484,8.4813,9.0897,0.461,0.616,0.46,2004-02-25,1.8722,0.2,0.6
C2,ok,,22.5,1.631,2008-11-18,32.89,0.5273,0.1273,7.3224,7.8497,0.461,0.603,0.46,2004-02-25,1.7037,0.4,0.6
A,ok,,22.32,,,38.45,0.0,0.0,8.7444,8.7444,0.556,0.711,0.46,2004-04-28,1.7859,0.0,0.7
B,ok,,22.32,7.673,2009-05-13,42.32,0.6062,0.1462,10.6877,11.2938,0.556,0.711,0.46,2004-04-28,1.9004,0.0,0.7
C1,ok,,22.32,1.602,2008-11-18,31.76,0.6062,0.1462,10.6877,11.2938,0.556,0.711,0.46,2004-04-28,1.9004,0.0,0.7
C2,ok,,22.32,1.602,2008-11-18,31.76,0.5764,0.1364,9.7819,10.3583,0.49,0.703,0.46,2004-04-28,1.7467,0.0,0.7
A,ok,,22.32,,,40.32,0.0,0.0,6.6793,6.6793,0.446,0.613,0.46,2004-04-28,1.6627,0.4,0.6
B,ok,,22.32,7.427,2016-06-27,44.41,0.6062,0.1462,8.1431,8.7493,0.446,0.613,0.46,2004-04-28,1.7582,0.4,0.6
C1,ok,,22.32,1.602,2008-11-18,33.85,0.6062,0.1462,8.1431,8.7493,0.446,0.613,0.46,2004-04-28,1.7582,0.4,0.6
C2,ok,,22.32,1.602,2008-11-18,33.85,0.5764,0.1364,7.7177,8.2941,0.446,0.609,0.46,2004-04-28,1.6775,0.5,0.6
A,ok,,22.15,,,37.89,0.0,0.0,8.5954,8.5954,0.564,0.71,0.46,2004-06-30,1.859,0.0,0.7
B,ok,,22.15,7.644,2011-08-19,41.71,0.6039,0.1439,10.5208,11.1247,0.564,0.71,0.46,2004-06-30,1.995,0.0,0.7
C1,ok,,22.15,1.618,2008-11-18,31.2,0.6039,0.1439,10.5208,11.1247,0.564,0.71,0.46,2004-06-30,1.995,0.0,0.7
C2,ok,,22.15,1.618,2008-11-18,31.2,0.5229,0.1229,8.9191,9.442,0.467,0.684,0.46,2004-06-30,1.7881,0.5,0.7
A,ok,,22.15,,,39.77,0.0,0.0,6.5666,6.5666,0.454,0.612,0.46,2004-06-30,1.7175,0.4,0.6
B,ok,,22.15,7.524,2011-08-19,43.8,0.6039,0.1439,8.016,8.6199,0.454,0.612,0.46,2004-06-30,1.8303,0.4,0.6
C1,ok,,22.15,1.618,2008-11-18,33.29,0.6039,0.1439,8.016,8.6199,0.454,0.612,0.46,2004-06-30,1.8303,0.4,0.6
C2,ok,,22.15,1.618,2008-11-18,33.29,0.5229,0.1229,7.2493,7.7723,0.454,0.599,0.46,2004-06-30,1.7192,0.9,0.6
A,ok,,21.98,,,40.72,0.0,0.0,9.3632,9.3632,0.568,0.711,0.44,2004-09-01,2.0712,0.0,0.7
B,ok,,21.98,8.251,2011-10-03,44.55,0.5817,0.1417,11.2486,11.8303,0.568,0.711,0.44,2004-09-01,2.2136,0.0,0.7
C1,ok,,21.98,1.631,2008-11-18,34.09,0.5817,0.1417,11.2486,11.8303,0.568,0.711,0.44,2004-09-01,2.2136,0.0,0.7
C2,ok,,21.98,1.631,2008-11-18,34.09,0.501,0.121,9.7978,10.2988,0.463,0.684,0.44,2004-09-01,2.041,0.5,0.7
A,ok,,21.98,,,42.31,0.0,0.0,7.0721,7.0721,0.458,0.613,0.44,2004-09-01,1.8833,0.3,0.6
B,ok,,21.98,7.996,2016-02-09,46.36,0.5817,0.1417,8.4912,9.073,0.458,0.613,0.44,2004-09-01,2.0008,0.3,0.6
C1,ok,,21.98,1.631,2008-11-18,35.9,0.5817,0.1417,8.4912,9.073,0.458,0.613,0.44,2004-09-01,2.0008,0.3,0.6
C2,ok,,21.98,1.631,2008-11-18,35.9,0.501,0.121,7.7993,8.3003,0.458,0.599,0.44,2004-09-01,1.9082,0.8,0.6
A,ok,,21.8,,,37.86,0.0,0.0,9.1529,9.1529,0.549,0.71,0.44,2004-11-03,2.0175,0.0,0.7
B,ok,,21.8,7.88,2009-03-09,41.68,0.5796,0.1396,11.0612,11.6408,0.549,0.71,0.44,2004-11-03,2.163,0.0,0.7
C1,ok,,21.8,1.612,2008-10-24,32.65,0.5796,0.1396,11.0612,11.6408,0.549,0.71,0.44,2004-11-03,2.163,0.0,0.7
C2,ok,,21.8,1.612,2008-10-24,34.98,0.4981,0.1181,9.0813,9.5794,0.431,0.683,0.44,2004-11-03,1.9304,0.5,0.7
A,ok,,21.8,,,39.71,0.0,0.0,7.0255,7.0255,0.439,0.612,0.44,2004-11-03,1.8543,0.1,0.6
B,ok,,21.8,7.856,2012-11-15,43.73,0.5796,0.1396,8.4741,9.0537,0.439,0.612,0.44,2004-11-03,1.9752,0.1,0.6
C1,ok,,21.8,1.612,2008-10-24,34.71,0.5796,0.1396,8.4741,9.0537,0.439,0.612,0.44,2004-11-03,1.9752,0.1,0.6
C2,ok,,21.8,1.612,2008-10-24,35.83,0.4981,0.1181,7.5356,8.0337,0.431,0.598,0.44,2004-11-03,1.8501,0.6,0.6
A,ok,,21.63,,,36.02,0.0,0.0,8.6753,8.6753,0.556,0.711,0.44,2005-01-05,1.9658,0.0,0.7
B,ok,,21.63,7.515,2009-03-09,39.86,0.5775,0.1375,10.5471,11.1245,0.556,0.711,0.44,2005-01-05,2.1152,0.0,0.7
C1,ok,,21.63,1.6,2008-11-12,30.58,0.5775,0.1375,10.5471,11.1245,0.556,0.711,0.44,2005-01-05,2.1152,0.0,0.7
C2,ok,,21.63,1.6,2008-11-12,32.02,0.4962,0.1162,8.3625,8.8587,0.457,0.685,0.44,2005-01-05,1.8292,0.6,0.7
A,ok,,21.63,,,37.91,0.0,0.0,6.6953,6.6953,0.446,0.613,0.44,2005-01-05,1.8146,0.2,0.6
B,ok,,21.63,7.61,2016-02-09,41.94,0.5775,0.1375,8.1142,8.6917,0.446,0.613,0.44,2005-01-05,1.9388,0.2,0.6
C1,ok,,21.63,1.6,2008-11-12,32.66,0.5775,0.1375,8.1142,8.6917,0.446,0.613,0.44,2005-01-05,1.9388,0.2,0.6
C2,ok,,21.63,1.6,2008-11-12,33.42,0.4962,0.1162,7.0821,7.5783,0.446,0.6,0.44,2005-01-05,1.7858,0.8,0.6
A,ok,,21.46,,,37.52,0.0,0.0,8.968,8.968,0.579,0.717,0.44,2005-03-09,2.0644,0.0,0.7
B,ok,,21.46,8.084,2009-03-11,40.54,0.5753,0.1353,10.8646,11.4399,0.579,0.717,0.44,2005-03-09,2.2269,0.0,0.7
C1,ok,,21.46,1.614,2008-11-19,32.05,0.5753,0.1353,10.8646,11.4399,0.579,0.717,0.44,2005-03-09,2.2269,0.0,0.7
C2,ok,,21.46,1.614,2008-11-19,32.05,0.4927,0.1127,8.0648,8.5574,0.473,0.691,0.44,2005-03-09,1.8895,0.4,0.7
A,ok,,21.46,,,39.35,0.0,0.0,6.9227,6.9227,0.469,0.62,0.44,2005-03-09,1.8993,0.1,0.6
B,ok,,21.46,8.112,2016-06-27,42.55,0.5753,0.1353,8.3616,8.9369,0.469,0.62,0.44,2005-03-09,2.0343,0.1,0.6
C1,ok,,21.46,1.614,2008-11-19,34.05,0.5753,0.1353,8.3616,8.9369,0.469,0.62,0.44,2005-03-09,2.0343,0.1,0.6
C2,ok,,21.46,1.614,2008-11-19,34.05,0.4927,0.1127,7.0415,7.5341,0.469,0.607,0.44,2005-03-09,1.8543,0.5,0.6
A,ok,,21.29,,,39.89,0.0,0.0,9.1155,9.1155,0.546,0.712,0.44,2005-05-11,2.1915,0.0,0.7
B,ok,,21.29,8.982,2016-06-27,42.89,0.5732,0.1332,10.8601,11.4333,0.546,0.712,0.44,2005-05-11,2.3464,0.0,0.7
C1,ok,,21.29,1.601,2008-11-12,34.7,0.5732,0.1332,10.8601,11.4333,0.546,0.712,0.44,2005-05-11,2.3464,0.0,0.7
C2,ok,,21.29,1.601,2008-11-12,34.7,0.5144,0.1144,9.3833,9.8977,0.47,0.694,0.44,2005-05-11,2.0464,0.3,0.7
A,ok,,21.29,,,41.65,0.0,0.0,6.9319,6.9319,0.436,0.614,0.44,2005-05-11,1.9891,0.5,0.6
B,ok,,21.29,8.247,2016-06-27,44.83,0.5732,0.1332,8.2485,8.8217,0.436,0.614,0.44,2005-05-11,2.1171,0.5,0.6
C1,ok,,21.29,1.601,2008-11-12,36.65,0.5732,0.1332,8.2485,8.8217,0.436,0.614,0.44,2005-05-11,2.1171,0.5,0.6
C2,ok,,21.29,1.601,2008-11-12,36.65,0.5144,0.1144,7.5426,8.057,0.436,0.605,0.44,2005-05-11,1.9598,0.9,0.6
A,ok,,21.12,,,37.54,0.0,0.0,8.471,8.471,0.573,0.709,0.44,2005-07-13,2.0768,0.0,0.7
B,ok,,21.12,8.618,2011-08-19,40.55,0.5711,0.1311,10.1714,10.7425,0.573,0.709,0.44,2005-07-13,2.2338,0.0,0.7
C1,ok,,21.12,1.602,2008-11-19,32.13,0.5711,0.1311,10.1714,10.7425,0.573,0.709,0.44,2005-07-13,2.2338,0.0,0.7
C2,ok,,21.12,1.602,2008-11-19,32.13,0.5124,0.1124,9.0355,9.5479,0.487,0.691,0.44,2005-07-13,2.0059,0.1,0.7
A,ok,,21.12,,,39.5,0.0,0.0,6.4788,6.4788,0.463,0.611,0.44,2005-07-13,1.8927,0.3,0.6
B,ok,,21.12,8.19,2016-02-09,42.68,0.5711,0.1311,7.7591,8.3302,0.463,0.611,0.44,2005-07-13,2.0218,0.3,0.6
C1,ok,,21.12,1.602,2008-11-19,34.27,0.5711,0.1311,7.7591,8.3302,0.463,0.611,0.44,2005-07-13,2.0218,0.3,0.6
C2,ok,,21.12,1.602,2008-11-19,34.27,0.5124,0.1124,7.1958,7.7083,0.463,0.602,0.44,2005-07-13,1.8998,0.3,0.6
A,ok,,20.94,,,36.17,0.0,0.0,8.2196,8.2196,0.584,0.711,0.42,2005-09-14,1.9376,0.0,0.7
B,ok,,20.94,8.43,2011-10-03,39.11,0.549,0.129,9.8799,10.4288,0.584,0.711,0.42,2005-09-14,2.0691,0.0,0.7
C1,ok,,20.94,1.625,2008-11-19,30.74,0.549,0.129,9.8799,10.4288,0.584,0.711,0.42,2005-09-14,2.0691,0.0,0.7
C2,ok,,20.94,1.625,2008-11-19,30.74,0.5051,0.1251,8.8702,9.3753,0.478,0.692,0.42,2005-09-14,2.0691,0.3,0.7
A,ok,,20.94,,,38.12,0.0,0.0,6.3005,6.3005,0.474,0.613,0.42,2005-09-14,1.7749,0.1,0.6
B,ok,,20.94,7.887,2016-02-09,41.24,0.549,0.129,7.5563,8.1053,0.474,0.613,0.42,2005-09-14,1.883,0.1,0.6
C1,ok,,20.94,1.625,2008-11-19,32.86,0.549,0.129,7.5563,8.1053,0.474,0.613,0.42,2005-09-14,1.883,0.1,0.6
C2,ok,,20.94,1.625,2008-11-19,32.86,0.5051,0.1251,7.1366,7.6418,0.474,0.603,0.42,2005-09-14,1.883,0.4,0.6
A,ok,,20.76,,,35.59,0.0,0.0,8.6234,8.6234,0.567,0.713,0.42,2005-11-16,2.0999,0.0,0.7
B,ok,,20.76,8.861,2016-02-09,38.67,0.5469,0.1269,10.3496,10.8966,0.567,0.713,0.42,2005-11-16,2.2623,0.0,0.7
C1,ok,,20.76,1.619,2008-10-23,31.24,0.5469,0.1269,10.3496,10.8966,0.567,0.713,0.42,2005-11-16,2.2623,0.0,0.7
C2,ok,,20.76,1.619,2008-10-23,32.47,0.4654,0.1054,8.3173,8.7827,0.474,0.685,0.42,2005-11-16,1.949,0.5,0.7
A,ok,,20.76,,,37.63,0.0,0.0,6.6928,6.6928,0.457,0.615,0.42,2005-11-16,1.9318,0.2,0.6
B,ok,,20.76,8.305,2016-02-09,40.85,0.5469,0.1269,8.0018,8.5488,0.457,0.615,0.42,2005-11-16,2.0662,0.2,0.6
C1,ok,,20.76,1.619,2008-10-23,33.43,0.5469,0.1269,8.0018,8.5488,0.457,0.615,0.42,2005-11-16,2.0662,0.2,0.6
C2,ok,,20.76,1.619,2008-10-23,34.26,0.4654,0.1054,7.0288,7.4942,0.457,0.601,0.42,2005-11-16,1.8971,0.6,0.6
A,ok,,20.6,,,33.93,0.0,0.0,8.1399,8.1399,0.564,0.712,0.42,2006-01-18,1.8367,0.0,0.7
B,ok,,20.6,8.462,2016-02-09,37.03,0.5449,0.1249,9.8214,10.3664,0.564,0.712,0.42,2006-01-18,1.9621,0.0,0.7
C1,ok,,20.6,1.607,2008-11-18,29.54,0.5449,0.1249,9.8214,10.3664,0.564,0.712,0.42,2006-01-18,1.9621,0.0,0.7
C2,ok,,20.6,1.607,2008-11-18,30.46,0.4637,0.1037,7.6053,8.069,0.479,0.684,0.42,2006-01-18,1.6583,0.4,0.7
A,ok,,20.6,,,36.03,0.0,0.0,6.3528,6.3528,0.455,0.614,0.42,2006-01-18,1.7195,0.2,0.6
B,ok,,20.6,7.966,2016-02-09,39.28,0.5449,0.1249,7.6279,8.1728,0.455,0.614,0.42,2006-01-18,1.824,0.2,0.6
C1,ok,,20.6,1.607,2008-11-18,31.78,0.5449,0.1249,7.6279,8.1728,0.455,0.614,0.42,2006-01-18,1.824,0.2,0.6
C2,ok,,20.6,1.607,2008-11-18,32.4,0.4637,0.1037,6.5678,7.0315,0.455,0.6,0.42,2006-01-18,1.659,0.6,0.6
A,ok,,20.42,,,35.83,0.0,0.0,8.2574,8.2574,0.568,0.715,0.42,2006-03-22,1.9576,0.0,0.7
B,ok,,20.42,8.926,2016-06-27,38.01,0.5429,0.1229,9.8924,10.4353,0.568,0.715,0.42,2006-03-22,2.091,0.0,0.7
C1,ok,,20.42,1.619,2008-11-18,31.82,0.5429,0.1229,9.8924,10.4353,0.568,0.715,0.42,2006-03-22,2.091,0.0,0.7
C2,ok,,20.42,1.619,2008-11-18,31.82,0.4839,0.1039,8.4634,8.9473,0.469,0.696,0.42,2006-03-22,1.8072,0.4,0.7
A,ok,,20.42,,,37.87,0.0,0.0,6.3936,6.3936,0.458,0.618,0.42,2006-03-22,1.8086,0.3,0.6
B,ok,,20.42,8.307,2016-06-27,40.18,0.5429,0.1229,7.6338,8.1767,0.458,0.618,0.42,2006-03-22,1.919,0.3,0.6
C1,ok,,20.42,1.619,2008-11-18,33.99,0.5429,0.1229,7.6338,8.1767,0.458,0.618,0.42,2006-03-22,1.919,0.3,0.6
C2,ok,,20.42,1.619,2008-11-18,33.99,0.4839,0.1039,6.932,7.4159,0.458,0.608,0.42,2006-03-22,1.7663,0.7,0.6
A,ok,,20.25,,,38.11,0.0,0.0,8.5532,8.5532,0.547,0.712,0.42,2006-05-24,2.0732,0.0,0.7
B,ok,,20.25,9.253,2016-06-27,40.28,0.5408,0.1208,10.1053,10.6462,0.547,0.712,0.42,2006-05-24,2.2035,0.0,0.7
C1,ok,,20.25,1.613,2008-10-24,34.25,0.5408,0.1208,10.1053,10.6462,0.547,0.712,0.42,2006-05-24,2.2035,0.0,0.7
C2,ok,,20.25,1.613,2008-10-24,34.25,0.482,0.102,8.8549,9.3369,0.49,0.694,0.42,2006-05-24,1.9514,0.1,0.7
A,ok,,20.25,,,40.05,0.0,0.0,6.5385,6.5385,0.437,0.615,0.42,2006-05-24,1.8924,0.5,0.6
B,ok,,20.25,8.537,2016-06-27,42.36,0.5408,0.1208,7.7113,8.2521,0.437,0.615,0.42,2006-05-24,1.9998,0.5,0.6
C1,ok,,20.25,1.613,2008-10-24,36.33,0.5408,0.1208,7.7113,8.2521,0.437,0.615,0.42,2006-05-24,1.9998,0.5,0.6
C2,ok,,20.25,1.613,2008-10-24,36.33,0.482,0.102,7.0966,7.5787,0.437,0.605,0.42,2006-05-24,1.865,0.6,0.6
A,ok,,20.08,,,39.12,0.0,0.0,8.858,8.858,0.572,0.71,0.42,2006-07-26,2.2185,0.0,0.7
B,ok,,20.08,9.969,2016-02-09,41.32,0.5388,0.1188,10.3627,10.9015,0.572,0.71,0.42,2006-07-26,2.3551,0.0,0.7
C1,ok,,20.08,1.6,2008-11-19,35.1,0.5388,0.1188,10.3627,10.9015,0.572,0.71,0.42,2006-07-26,2.3551,0.0,0.7
C2,ok,,20.08,1.6,2008-11-19,35.1,0.4802,0.1002,9.2991,9.7793,0.485,0.691,0.42,2006-07-26,2.1362,0.1,0.7
A,ok,,20.08,,,40.87,0.0,0.0,6.7169,6.7169,0.462,0.612,0.42,2006-07-26,1.9997,0.3,0.6
B,ok,,20.08,9.152,2018-12-24,43.2,0.5388,0.1188,7.8534,8.3922,0.462,0.612,0.42,2006-07-26,2.1116,0.3,0.6
C1,ok,,20.08,1.6,2008-11-19,36.98,0.5388,0.1188,7.8534,8.3922,0.462,0.612,0.42,2006-07-26,2.1116,0.3,0.6
C2,ok,,20.08,1.6,2008-11-19,36.98,0.4802,0.1002,7.3247,7.8049,0.462,0.603,0.42,2006-07-26,1.9949,0.4,0.6
A,ok,,19.9,,,35.76,0.0,0.0,8.2195,8.2195,0.611,0.713,0.4,2006-09-27,2.0859,0.0,0.7
B,ok,,19.9,9.278,2016-02-09,37.93,0.5168,0.1168,9.7134,10.2302,0.611,0.713,0.4,2006-09-27,2.224,0.0,0.7
C1,ok,,19.9,1.647,2009-03-09,32.83,0.5168,0.1168,9.7134,10.2302,0.611,0.713,0.4,2006-09-27,2.224,0.0,0.7
C2,ok,,19.9,1.603,2008-10-24,36.26,0.4135,0.0935,8.008,8.4215,0.403,0.674,0.4,2006-09-27,2.0667,1.1,0.7
A,ok,,19.9,,,37.76,0.0,0.0,6.3212,6.3212,0.503,0.615,0.4,2006-09-27,1.8984,0.0,0.6
B,ok,,19.9,8.642,2016-02-09,40.05,0.5168,0.1168,7.454,7.9708,0.503,0.615,0.4,2006-09-27,2.0116,0.0,0.6
C1,ok,,19.9,1.647,2009-03-09,34.94,0.5168,0.1168,7.454,7.9708,0.503,0.615,0.4,2006-09-27,2.0116,0.0,0.6
C2,ok,,19.9,1.603,2008-10-24,36.79,0.4135,0.0935,6.635,7.0484,0.403,0.596,0.4,2006-09-27,1.922,1.1,0.6
A,ok,,19.73,,,34.63,0.0,0.0,8.3404,8.3404,0.534,0.713,0.4,2006-11-29,2.0647,0.0,0.7
B,ok,,19.73,9.417,2016-02-09,37.0,0.5149,0.1149,9.8884,10.4032,0.534,0.713,0.4,2006-11-29,2.2079,0.0,0.7
C1,ok,,19.73,1.601,2008-10-23,31.37,0.5149,0.1149,9.8884,10.4032,0.534,0.713,0.4,2006-11-29,2.2079,0.0,0.7
C2,ok,,19.73,1.601,2008-10-23,32.36,0.4335,0.0935,7.7785,8.212,0.48,0.684,0.4,2006-11-29,1.8719,0.2,0.7
A,ok,,19.73,,,36.88,0.0,0.0,6.5356,6.5356,0.424,0.616,0.4,2006-11-29,1.914,0.2,0.6
B,ok,,19.73,8.823,2018-12-24,39.35,0.5149,0.1149,7.7118,8.2267,0.424,0.616,0.4,2006-11-29,2.0322,0.2,0.6
C1,ok,,19.73,1.601,2008-10-23,33.72,0.5149,0.1149,7.7118,8.2267,0.424,0.616,0.4,2006-11-29,2.0322,0.2,0.6
C2,ok,,19.73,1.601,2008-10-23,34.54,0.4335,0.0935,6.6934,7.1269,0.424,0.601,0.4,2006-11-29,1.8494,0.4,0.6
A,ok,,19.57,,,33.7,0.0,0.0,7.92,7.92,0.566,0.714,0.4,2007-01-31,2.1174,0.0,0.7
B,ok,,19.57,9.101,2016-02-09,36.03,0.513,0.113,9.4026,9.9156,0.566,0.714,0.4,2007-01-31,2.2798,0.0,0.7
C1,ok,,19.57,1.61,2008-11-18,30.51,0.513,0.113,9.4026,9.9156,0.566,0.714,0.4,2007-01-31,2.2798,0.0,0.7
C2,ok,,19.57,1.61,2008-11-18,31.89,0.4538,0.0938,7.9277,8.3816,0.469,0.694,0.4,2007-01-31,1.9398,0.1,0.7
A,ok,,19.57,,,35.79,0.0,0.0,6.1606,6.1606,0.456,0.616,0.4,2007-01-31,1.9381,0.2,0.6
B,ok,,19.57,8.557,2016-02-09,38.22,0.513,0.113,7.282,7.795,0.456,0.616,0.4,2007-01-31,2.0713,0.2,0.6
C1,ok,,19.57,1.61,2008-11-18,32.7,0.513,0.113,7.282,7.795,0.456,0.616,0.4,2007-01-31,2.0713,0.2,0.6
C2,ok,,19.57,1.61,2008-11-18,33.64,0.4538,0.0938,6.5552,7.009,0.456,0.606,0.4,2007-01-31,1.8876,0.3,0.6
A,ok,,19.39,,,34.54,0.0,0.0,7.8296,7.8296,0.563,0.714,0.4,2007-04-04,2.1657,0.0,0.7
B,ok,,19.39,9.32,2016-06-27,35.95,0.5111,0.1111,9.2566,9.7677,0.563,0.714,0.4,2007-04-04,2.3258,0.0,0.7
C1,ok,,19.39,1.604,2008-11-18,31.88,0.5111,0.1111,9.2566,9.7677,0.563,0.714,0.4,2007-04-04,2.3258,0.0,0.7
C2,ok,,19.39,1.604,2008-11-18,31.88,0.4521,0.0921,7.9646,8.4167,0.465,0.694,0.4,2007-04-04,2.0206,0.4,0.7
A,ok,,19.39,,,36.72,0.0,0.0,6.0898,6.0898,0.453,0.616,0.4,2007-04-04,1.9705,0.4,0.6
B,ok,,19.39,8.712,2016-06-27,38.22,0.5111,0.1111,7.176,7.687,0.453,0.616,0.4,2007-04-04,2.1017,0.4,0.6
C1,ok,,19.39,1.604,2008-11-18,34.15,0.5111,0.1111,7.176,7.687,0.453,0.616,0.4,2007-04-04,2.1017,0.4,0.6
C2,ok,,19.39,1.604,2008-11-18,34.15,0.4521,0.0921,6.5335,6.9856,0.453,0.606,0.4,2007-04-04,1.9372,0.8,0.6
A,ok,,19.22,,,33.22,0.0,0.0,7.2006,7.2006,0.539,0.71,0.4,2007-06-06,2.1414,0.0,0.7
B,ok,,19.22,8.761,2016-06-27,34.58,0.5091,0.1091,8.5536,9.0627,0.539,0.71,0.4,2007-06-06,2.316,0.0,0.7
C1,ok,,19.22,1.615,2008-10-10,30.68,0.5091,0.1091,8.5536,9.0627,0.539,0.71,0.4,2007-06-06,2.316,0.0,0.7
C2,ok,,19.22,1.615,2008-10-10,30.68,0.428,0.088,7.2875,7.7155,0.464,0.68,0.4,2007-06-06,2.0719,0.7,0.7
A,ok,,19.22,,,35.61,0.0,0.0,5.6186,5.6186,0.429,0.612,0.4,2007-06-06,1.9443,0.6,0.6
B,ok,,19.22,8.231,2016-06-27,37.06,0.5091,0.1091,6.6454,7.1546,0.429,0.612,0.4,2007-06-06,2.087,0.6,0.6
C1,ok,,19.22,1.615,2008-10-10,33.17,0.5091,0.1091,6.6454,7.1546,0.429,0.612,0.4,2007-06-06,2.087,0.6,0.6
C2,ok,,19.22,1.615,2008-10-10,33.17,0.428,0.088,6.0119,6.4399,0.429,0.597,0.4,2007-06-06,1.9517,1.3,0.6
A,ok,,19.05,,,32.34,0.0,0.0,7.0149,7.0149,0.562,0.708,0.4,2007-08-08,2.1019,0.0,0.7
B,ok,,19.05,9.1,2016-02-09,33.7,0.5072,0.1072,8.3246,8.8318,0.562,0.708,0.4,2007-08-08,2.2705,0.0,0.7
C1,ok,,19.05,1.602,2008-11-18,29.67,0.5072,0.1072,8.3246,8.8318,0.562,0.708,0.4,2007-08-08,2.2705,0.0,0.7
C2,ok,,19.05,1.602,2008-11-18,29.67,0.4202,0.0802,7.1241,7.5442,0.48,0.678,0.4,2007-08-08,1.9776,0.1,0.7
A,ok,,19.05,,,34.68,0.0,0.0,5.4686,5.4686,0.452,0.61,0.4,2007-08-08,1.9067,0.4,0.6
B,ok,,19.05,8.37,2018-12-24,36.14,0.5072,0.1072,6.462,6.9692,0.452,0.61,0.4,2007-08-08,2.0441,0.4,0.6
C1,ok,,19.05,1.602,2008-11-18,32.1,0.5072,0.1072,6.462,6.9692,0.452,0.61,0.4,2007-08-08,2.0441,0.4,0.6
C2,ok,,19.05,1.602,2008-11-18,32.1,0.4202,0.0802,5.8247,6.2448,0.452,0.595,0.4,2007-08-08,1.8794,0.5,0.6
A,ok,,18.87,,,29.81,0.0,0.0,6.839,6.839,0.581,0.715,0.38,2007-10-10,2.0488,0.0,0.7
B,ok,,18.87,8.786,2016-02-09,31.3,0.4853,0.1053,8.2064,8.6918,0.581,0.715,0.38,2007-10-10,2.2316,0.0,0.7
C1,ok,,18.87,1.628,2008-10-06,27.76,0.4853,0.1053,8.2064,8.6918,0.581,0.715,0.38,2007-10-10,2.2316,0.0,0.7
C2,ok,,18.87,1.628,2008-10-06,29.85,0.4037,0.0837,6.6713,7.0749,0.447,0.684,0.38,2007-10-10,1.9673,0.5,0.7
A,ok,,18.87,,,32.32,0.0,0.0,5.4436,5.4436,0.472,0.617,0.38,2007-10-10,1.8842,0.0,0.6
B,ok,,18.87,8.168,2018-12-24,33.89,0.4853,0.1053,6.485,6.9704,0.472,0.617,0.38,2007-10-10,2.0328,0.0,0.6
C1,ok,,18.87,1.628,2008-10-06,30.35,0.4853,0.1053,6.485,6.9704,0.472,0.617,0.38,2007-10-10,2.0328,0.0,0.6
C2,ok,,18.87,1.628,2008-10-06,31.79,0.4037,0.0837,5.714,6.1177,0.447,0.602,0.38,2007-10-10,1.8836,0.5,0.6
A,ok,,18.7,,,30.92,0.0,0.0,7.2697,7.2697,0.531,0.713,0.38,2007-12-12,2.2462,0.0,0.7
B,ok,,18.7,9.232,2018-12-24,32.49,0.4835,0.1035,8.6288,9.1123,0.531,0.713,0.38,2007-12-12,2.4437,0.0,0.7
C1,ok,,18.7,1.607,2008-10-08,28.83,0.4835,0.1035,8.6288,9.1123,0.531,0.713,0.38,2007-12-12,2.4437,0.0,0.7
C2,ok,,18.7,1.607,2008-10-08,30.43,0.4021,0.0821,6.7211,7.1232,0.469,0.682,0.38,2007-12-12,2.0823,0.3,0.7
A,ok,,18.7,,,33.39,0.0,0.0,5.7787,5.7787,0.422,0.616,0.38,2007-12-12,2.0513,0.2,0.6
B,ok,,18.7,8.512,2018-12-24,35.02,0.4835,0.1035,6.8152,7.2987,0.422,0.616,0.38,2007-12-12,2.2118,0.2,0.6
C1,ok,,18.7,1.607,2008-10-08,31.36,0.4835,0.1035,6.8152,7.2987,0.422,0.616,0.38,2007-12-12,2.2118,0.2,0.6
C2,ok,,18.7,1.607,2008-10-08,32.57,0.4021,0.0821,5.8758,6.2779,0.422,0.6,0.38,2007-12-12,2.0132,0.5,0.6
A,ok,,18.53,,,33.9,0.0,0.0,7.9838,7.9838,0.568,0.711,0.38,2008-02-13,2.5819,0.0,0.7
B,ok,,18.53,10.437,2016-02-18,35.49,0.4816,0.1016,9.2715,9.7532,0.568,0.711,0.38,2008-02-13,2.7865,0.0,0.7
C1,ok,,18.53,1.615,2008-11-18,31.87,0.4816,0.1016,9.2715,9.7532,0.568,0.711,0.38,2008-02-13,2.7865,0.0,0.7
C2,ok,,18.53,1.615,2008-11-18,33.78,0.4225,0.0825,7.8354,8.2579,0.457,0.691,0.38,2008-02-13,2.3734,0.2,0.7
A,ok,,18.53,,,35.93,0.0,0.0,6.1939,6.1939,0.458,0.613,0.38,2008-02-13,2.2996,0.2,0.6
B,ok,,18.53,9.565,2020-03-16,37.58,0.4816,0.1016,7.1715,7.6531,0.458,0.613,0.38,2008-02-13,2.4657,0.2,0.6
C1,ok,,18.53,1.615,2008-11-18,33.96,0.4816,0.1016,7.1715,7.6531,0.458,0.613,0.38,2008-02-13,2.4657,0.2,0.6
C2,ok,,18.53,1.615,2008-11-18,35.29,0.4225,0.0825,6.4641,6.8866,0.457,0.603,0.38,2008-02-13,2.2451,0.4,0.6
A,ok,,18.36,,,34.91,0.0,0.0,7.8721,7.8721,0.565,0.714,0.38,2008-04-16,2.5909,0.0,0.7
B,ok,,18.36,10.368,2016-06-27,35.61,0.4798,0.0998,9.1232,9.603,0.565,0.714,0.38,2008-04-16,2.7902,0.0,0.7
C1,ok,,18.36,1.611,2008-11-18,33.6,0.4798,0.0998,9.1232,9.603,0.565,0.714,0.38,2008-04-16,2.7902,0.0,0.7
C2,ok,,18.36,1.611,2008-11-18,33.6,0.4501,0.0901,8.2625,8.7126,0.492,0.704,0.38,2008-04-16,2.5351,0.0,0.7
A,ok,,18.36,,,37.05,0.0,0.0,6.101,6.101,0.455,0.617,0.38,2008-04-16,2.2994,0.4,0.6
B,ok,,18.36,9.67,2016-06-27,37.79,0.4798,0.0998,7.0539,7.5338,0.455,0.617,0.38,2008-04-16,2.4611,0.4,0.6
C1,ok,,18.36,1.611,2008-11-18,35.78,0.4798,0.0998,7.0539,7.5338,0.455,0.617,0.38,2008-04-16,2.4611,0.4,0.6
C2,ok,,18.36,1.611,2008-11-18,35.78,0.4501,0.0901,6.6403,7.0904,0.455,0.612,0.38,2008-04-16,2.3277,0.4,0.6
A,ok,,18.19,,,32.86,0.0,0.0,7.2271,7.2271,0.552,0.712,0.38,2008-06-18,2.5014,0.0,0.7
B,ok,,18.19,9.651,2016-06-27,33.53,0.478,0.098,8.4421,8.92,0.552,0.712,0.38,2008-06-18,2.715,0.0,0.7
C1,ok,,18.19,1.607,2008-10-24,31.57,0.478,0.098,8.4421,8.92,0.552,0.712,0.38,2008-06-18,2.715,0.0,0.7
C2,ok,,18.19,1.607,2008-10-24,31.57,0.4042,0.0842,7.0431,7.4473,0.476,0.679,0.38,2008-06-18,2.5279,0.4,0.7
A,ok,,18.19,,,35.21,0.0,0.0,5.648,5.648,0.442,0.614,0.38,2008-06-18,2.227,0.5,0.6
B,ok,,18.19,9.071,2016-06-27,35.93,0.478,0.098,6.5733,7.0513,0.442,0.614,0.38,2008-06-18,2.4,0.5,0.6
C1,ok,,18.19,1.607,2008-10-24,33.97,0.478,0.098,6.5733,7.0513,0.442,0.614,0.38,2008-06-18,2.4,0.5,0.6
C2,ok,,18.19,1.607,2008-10-24,33.97,0.4042,0.0842,5.9221,6.3263,0.442,0.598,0.38,2008-06-18,2.2989,0.9,0.6
A,ok,,18.01,,,33.45,0.0,0.0,7.3491,7.3491,0.558,0.711,0.38,2008-08-20,2.5817,0.0,0.7
B,ok,,18.01,10.283,2018-12-24,34.13,0.4761,0.0961,8.5324,9.0085,0.558,0.711,0.38,2008-08-20,2.7958,0.0,0.7
C1,ok,,18.01,1.604,2008-11-12,32.17,0.4761,0.0961,8.5324,9.0085,0.558,0.711,0.38,2008-08-20,2.7958,0.0,0.7
C2,ok,,18.01,1.604,2008-11-12,32.17,0.4761,0.0961,8.5324,9.0085,0.558,0.711,0.38,2008-08-20,2.7958,0.0,0.7
A,ok,,18.01,,,35.71,0.0,0.0,5.7105,5.7105,0.448,0.613,0.38,2008-08-20,2.2815,0.4,0.6
B,ok,,18.01,9.347,2018-12-24,36.44,0.4761,0.0961,6.6115,7.0877,0.448,0.613,0.38,2008-08-20,2.4547,0.4,0.6
C1,ok,,18.01,1.604,2008-11-12,34.48,0.4761,0.0961,6.6115,7.0877,0.448,0.613,0.38,2008-08-20,2.4547,0.4,0.6
C2,ok,,18.01,1.604,2008-11-12,34.48,0.4761,0.0961,6.6115,7.0877,0.448,0.613,0.38,2008-08-20,2.4547,0.4,0.6
A,ok,,17.84,,,42.51,0.0,0.0,10.4182,10.4182,0.612,0.716,0.36,2008-10-22,3.3364,0.0,0.7
B,ok,,17.84,13.59,2018-12-24,43.4,0.4544,0.0944,11.6247,12.0791,0.612,0.716,0.36,2008-10-22,3.5219,0.0,0.7
C1,ok,,17.84,1.83,2009-03-09,41.56,0.4544,0.0944,11.6247,12.0791,0.612,0.716,0.36,2008-10-22,3.5219,0.0,0.7
C2,ok,,17.84,1.83,2009-03-09,41.56,0.4106,0.0906,10.3357,10.7464,0.488,0.695,0.36,2008-10-22,3.5219,0.1,0.7
A,ok,,17.84,,,43.44,0.0,0.0,7.7708,7.7708,0.504,0.619,0.36,2008-10-22,2.8463,0.0,0.6
B,ok,,17.84,11.858,2018-12-24,44.34,0.4544,0.0944,8.6899,9.1443,0.504,0.619,0.36,2008-10-22,2.9957,0.0,0.6
C1,ok,,17.84,1.83,2009-03-09,42.5,0.4544,0.0944,8.6899,9.1443,0.504,0.619,0.36,2008-10-22,2.9957,0.0,0.6
C2,ok,,17.84,1.83,2009-03-09,42.5,0.4106,0.0906,8.1679,8.5785,0.488,0.608,0.36,2008-10-22,2.9957,0.1,0.6
A,ok,,17.66,,,45.14,0.0,0.0,11.435,11.435,0.6,0.716,0.36,2008-12-24,3.4156,0.0,0.7
B,ok,,17.66,14.956,2019-01-03,46.06,0.4526,0.0926,12.6478,13.1004,0.6,0.716,0.36,2008-12-24,3.5767,0.0,0.7
C1,ok,,17.66,1.876,2009-03-09,44.18,0.4526,0.0926,12.6478,13.1004,0.6,0.716,0.36,2008-12-24,3.5767,0.0,0.7
C2,ok,,17.66,1.876,2009-03-09,44.18,0.4306,0.0906,11.6937,12.1243,0.495,0.705,0.36,2008-12-24,3.5767,0.0,0.7
A,ok,,17.66,,,45.72,0.0,0.0,8.4988,8.4988,0.49,0.619,0.36,2008-12-24,2.9184,0.1,0.6
B,ok,,17.66,12.91,2019-01-03,46.66,0.4526,0.0926,9.4273,9.8799,0.49,0.619,0.36,2008-12-24,3.0489,0.1,0.6
C1,ok,,17.66,1.876,2009-03-09,44.77,0.4526,0.0926,9.4273,9.8799,0.49,0.619,0.36,2008-12-24,3.0489,0.1,0.6
C2,ok,,17.66,1.876,2009-03-09,44.77,0.4306,0.0906,9.0456,9.4761,0.49,0.613,0.36,2008-12-24,3.0489,0.1,0.6
A,ok,,17.5,,,45.38,0.0,0.0,11.2565,11.2565,0.638,0.718,0.36,2009-02-25,3.7796,0.0,0.7
B,ok,,17.5,15.259,2020-03-16,46.31,0.4509,0.0909,12.4037,12.8546,0.638,0.718,0.36,2009-02-25,3.9714,0.0,0.7
C1,ok,,17.5,1.899,2009-03-09,44.41,0.4509,0.0909,12.4037,12.8546,0.638,0.718,0.36,2009-02-25,3.9714,0.0,0.7
C2,ok,,17.5,1.899,2009-03-09,44.41,0.4289,0.0889,11.4467,11.8757,0.496,0.707,0.36,2009-02-25,3.9714,0.0,0.7
A,ok,,17.5,,,45.9,0.0,0.0,8.3276,8.3276,0.531,0.621,0.36,2009-02-25,3.1886,0.0,0.6
B,ok,,17.5,13.044,2020-03-16,46.84,0.4509,0.0909,9.2006,9.6515,0.531,0.621,0.36,2009-02-25,3.3435,0.0,0.6
C1,ok,,17.5,1.899,2009-03-09,44.94,0.4509,0.0909,9.2006,9.6515,0.531,0.621,0.36,2009-02-25,3.3435,0.0,0.6
C2,ok,,17.5,1.899,2009-03-09,44.94,0.4289,0.0889,8.8202,9.2491,0.496,0.615,0.36,2009-02-25,3.3435,0.0,0.6
A,ok,,17.33,,,48.55,0.0,0.0,9.8742,9.8742,0.654,0.717,0.36,2009-04-29,3.5375,0.0,0.7
B,ok,,17.33,14.022,2016-06-27,49.54,0.4492,0.0892,10.9463,11.3955,0.654,0.717,0.36,2009-04-29,3.7322,0.0,0.7
C1,ok,,17.33,1.972,2009-05-13,47.56,0.4492,0.0892,10.9463,11.3955,0.654,0.717,0.36,2009-04-29,3.7322,0.0,0.7
C2,ok,,17.33,1.972,2009-05-13,47.56,0.4492,0.0892,10.9463,11.3955,0.654,0.717,0.36,2009-04-29,3.7322,0.0,0.7
A,ok,,17.33,,,48.63,0.0,0.0,7.3982,7.3982,0.549,0.619,0.36,2009-04-29,2.9996,0.0,0.6
B,ok,,17.33,12.53,2018-12-24,49.61,0.4492,0.0892,8.2184,8.6676,0.549,0.619,0.36,2009-04-29,3.1568,0.0,0.6
C1,ok,,17.33,1.972,2009-05-13,47.64,0.4492,0.0892,8.2184,8.6676,0.549,0.619,0.36,2009-04-29,3.1568,0.0,0.6
C2,ok,,17.33,1.972,2009-05-13,47.64,0.4492,0.0892,8.2184,8.6676,0.549,0.619,0.36,2009-04-29,3.1568,0.0,0.6
A,ok,,17.15,,,47.26,0.0,0.0,9.181,9.181,0.633,0.716,0.36,2009-07-01,3.3314,0.0,0.7
B,ok,,17.15,13.481,2018-12-24,48.23,0.4474,0.0874,10.2446,10.692,0.633,0.716,0.36,2009-07-01,3.5335,0.0,0.7
C1,ok,,17.15,1.948,2009-07-07,46.28,0.4474,0.0874,10.2446,10.692,0.633,0.716,0.36,2009-07-01,3.5335,0.0,0.7
C2,ok,,17.15,1.948,2009-07-07,46.28,0.4251,0.0851,9.811,10.2361,0.467,0.705,0.36,2009-07-01,3.5335,0.5,0.7
A,ok,,17.15,,,47.51,0.0,0.0,6.9305,6.9305,0.526,0.619,0.36,2009-07-01,2.8428,0.0,0.6
B,ok,,17.15,11.912,2020-03-16,48.48,0.4474,0.0874,7.7423,8.1897,0.526,0.619,0.36,2009-07-01,3.0056,0.0,0.6
C1,ok,,17.15,1.948,2009-07-07,46.53,0.4474,0.0874,7.7423,8.1897,0.526,0.619,0.36,2009-07-01,3.0056,0.0,0.6
C2,ok,,17.15,1.948,2009-07-07,46.53,0.4251,0.0851,7.5655,7.9906,0.467,0.613,0.36,2009-07-01,3.0056,0.5,0.6
A,ok,,16.98,,,48.97,0.0,0.0,8.643,8.643,0.622,0.716,0.34,2009-09-02,3.1375,0.0,0.7
B,ok,,16.98,12.793,2018-12-24,49.97,0.4257,0.0857,9.6662,10.0919,0.622,0.716,0.34,2009-09-02,3.3269,0.0,0.7
C1,ok,,16.98,2.0,2009-09-02,47.97,0.4257,0.0857,9.6662,10.0919,0.622,0.716,0.34,2009-09-02,3.3269,0.0,0.7
C2,ok,,16.98,2.0,2009-09-02,47.97,0.4034,0.0834,9.2384,9.6419,0.463,0.704,0.34,2009-09-02,3.3269,0.5,0.7
A,ok,,16.98,,,48.98,0.0,0.0,6.5732,6.5732,0.514,0.619,0.34,2009-09-02,2.6954,0.0,0.6
B,ok,,16.98,11.348,2020-03-16,49.98,0.4257,0.0857,7.3562,7.7819,0.514,0.619,0.34,2009-09-02,2.8482,0.0,0.6
C1,ok,,16.98,2.0,2009-09-02,47.98,0.4257,0.0857,7.3562,7.7819,0.514,0.619,0.34,2009-09-02,2.8482,0.0,0.6
C2,ok,,16.98,2.0,2009-09-02,47.98,0.4034,0.0834,7.1807,7.5842,0.463,0.613,0.34,2009-09-02,2.8482,0.5,0.6
A,ok,,16.8,,,49.06,0.0,0.0,8.521,8.521,0.603,0.714,0.34,2009-11-04,3.1363,0.0,0.7
B,ok,,16.8,12.364,2018-12-24,50.06,0.4241,0.0841,9.5191,9.9432,0.603,0.714,0.34,2009-11-04,3.3223,0.0,0.7
C1,ok,,16.8,2.0,2009-11-04,48.06,0.4241,0.0841,9.5191,9.9432,0.603,0.714,0.34,2009-11-04,3.3223,0.0,0.7
C2,ok,,16.8,2.0,2009-11-04,48.06,0.4019,0.0819,8.8575,9.2594,0.497,0.703,0.34,2009-11-04,3.3223,0.0,0.7
A,ok,,16.8,,,49.05,0.0,0.0,6.5291,6.5291,0.494,0.617,0.34,2009-11-04,2.6953,0.0,0.6
B,ok,,16.8,11.06,2018-12-24,50.05,0.4241,0.0841,7.3009,7.725,0.494,0.617,0.34,2009-11-04,2.8456,0.0,0.6
C1,ok,,16.8,2.0,2009-11-04,48.05,0.4241,0.0841,7.3009,7.725,0.494,0.617,0.34,2009-11-04,2.8456,0.0,0.6
C2,ok,,16.8,2.0,2009-11-04,48.05,0.4019,0.0819,7.0267,7.4286,0.494,0.611,0.34,2009-11-04,2.8456,0.0,0.6
A,ok,,16.63,,,46.21,0.0,0.0,7.6583,7.6583,0.612,0.714,0.34,2010-01-06,3.0599,0.0,0.7
B,ok,,16.63,11.691,2020-03-16,47.15,0.4224,0.0824,8.6138,9.0362,0.612,0.714,0.34,2010-01-06,3.2677,0.0,0.7
C1,ok,,16.63,1.909,2010-07-02,45.23,0.4224,0.0824,8.6138,9.0362,0.612,0.714,0.34,2010-01-06,3.2677,0.0,0.7
C2,ok,,16.63,1.909,2010-07-02,45.23,0.4004,0.0804,7.9719,8.3723,0.498,0.703,0.34,2010-01-06,3.2677,0.0,0.7
A,ok,,16.63,,,46.62,0.0,0.0,5.9321,5.9321,0.504,0.617,0.34,2010-01-06,2.6411,0.0,0.6
B,ok,,16.63,10.437,2020-03-16,47.57,0.4224,0.0824,6.6709,7.0933,0.504,0.617,0.34,2010-01-06,2.8095,0.0,0.6
C1,ok,,16.63,1.909,2010-07-02,45.65,0.4224,0.0824,6.6709,7.0933,0.504,0.617,0.34,2010-01-06,2.8095,0.0,0.6
C2,ok,,16.63,1.909,2010-07-02,45.65,0.4004,0.0804,6.4021,6.8024,0.498,0.611,0.34,2010-01-06,2.8095,0.0,0.6
A,ok,,16.46,,,46.09,0.0,0.0,7.5292,7.5292,0.654,0.717,0.34,2010-03-10,2.6137,0.0,0.7
B,ok,,16.46,11.512,2020-03-16,47.03,0.4208,0.0808,8.4401,8.8609,0.654,0.717,0.34,2010-03-10,2.7458,0.0,0.7
C1,ok,,16.46,1.895,2010-07-02,45.12,0.4208,0.0808,8.4401,8.8609,0.654,0.717,0.34,2010-03-10,2.7458,0.0,0.7
C2,ok,,16.46,1.895,2010-07-02,45.12,0.3988,0.0788,7.8368,8.2356,0.5,0.706,0.34,2010-03-10,2.7458,0.0,0.7
A,ok,,16.46,,,46.56,0.0,0.0,5.8245,5.8245,0.549,0.62,0.34,2010-03-10,2.302,0.0,0.6
B,ok,,16.46,10.263,2020-03-16,47.5,0.4208,0.0808,6.5288,6.9496,0.549,0.62,0.34,2010-03-10,2.4096,0.0,0.6
C1,ok,,16.46,1.895,2010-07-02,45.59,0.4208,0.0808,6.5288,6.9496,0.549,0.62,0.34,2010-03-10,2.4096,0.0,0.6
C2,ok,,16.46,1.895,2010-07-02,45.59,0.3988,0.0788,6.277,6.6759,0.5,0.614,0.34,2010-03-10,2.4096,0.0,0.6
A,ok,,16.29,,,45.42,0.0,0.0,7.3602,7.3602,0.664,0.716,0.34,2010-05-12,3.0246,0.0,0.7
B,ok,,16.29,12.288,2018-12-24,46.34,0.4191,0.0791,8.2338,8.653,0.664,0.716,0.34,2010-05-12,3.2136,0.0,0.7
C1,ok,,16.29,1.872,2010-07-02,44.46,0.4191,0.0791,8.2338,8.653,0.664,0.716,0.34,2010-05-12,3.2136,0.0,0.7
C2,ok,,16.29,1.872,2010-07-02,44.46,0.3749,0.0749,7.5774,7.9523,0.464,0.692,0.34,2010-05-12,3.2136,0.6,0.7
A,ok,,16.29,,,45.96,0.0,0.0,5.6934,5.6934,0.56,0.619,0.34,2010-05-12,2.6104,0.0,0.6
B,ok,,16.29,11.019,2020-03-16,46.89,0.4191,0.0791,6.3677,6.7868,0.56,0.619,0.34,2010-05-12,2.7634,0.0,0.6
C1,ok,,16.29,1.872,2010-07-02,45.01,0.4191,0.0791,6.3677,6.7868,0.56,0.619,0.34,2010-05-12,2.7634,0.0,0.6
C2,ok,,16.29,1.872,2010-07-02,45.01,0.3749,0.0749,6.0893,6.4642,0.464,0.607,0.34,2010-05-12,2.7634,0.6,0.6
A,ok,,16.12,,,47.63,0.0,0.0,7.6826,7.6826,0.638,0.713,0.34,2010-07-14,3.5406,0.0,0.7
B,ok,,16.12,12.829,2018-12-24,48.6,0.4175,0.0775,8.5329,8.9504,0.638,0.713,0.34,2010-07-14,3.7772,0.0,0.7
C1,ok,,16.12,1.949,2010-08-31,46.64,0.4175,0.0775,8.5329,8.9504,0.638,0.713,0.34,2010-07-14,3.7772,0.0,0.7
C2,ok,,16.12,1.949,2010-08-31,46.64,0.3952,0.0752,8.1406,8.5357,0.465,0.7,0.34,2010-07-14,3.7772,0.5,0.7
A,ok,,16.12,,,47.85,0.0,0.0,5.9123,5.9123,0.531,0.615,0.34,2010-07-14,2.9971,0.0,0.6
B,ok,,16.12,11.424,2020-03-16,48.82,0.4175,0.0775,6.5671,6.9846,0.531,0.615,0.34,2010-07-14,3.1876,0.0,0.6
C1,ok,,16.12,1.949,2010-08-31,46.86,0.4175,0.0775,6.5671,6.9846,0.531,0.615,0.34,2010-07-14,3.1876,0.0,0.6
C2,ok,,16.12,1.949,2010-08-31,46.86,0.3952,0.0752,6.4037,6.7989,0.465,0.609,0.34,2010-07-14,3.1876,0.5,0.6
A,ok,,15.94,,,49.22,0.0,0.0,7.4645,7.4645,0.631,0.716,0.32,2010-09-15,3.5203,0.0,0.7
B,ok,,15.94,12.427,2018-12-24,50.22,0.3959,0.0759,8.3014,8.6972,0.631,0.716,0.32,2010-09-15,3.7623,0.0,0.7
C1,ok,,15.94,1.974,2011-10-03,48.22,0.3959,0.0759,8.3014,8.6972,0.631,0.716,0.32,2010-09-15,3.7623,0.0,0.7
C2,ok,,15.94,1.974,2011-10-03,48.22,0.352,0.072,7.4896,7.8416,0.473,0.691,0.32,2010-09-15,3.7623,0.4,0.7
A,ok,,15.94,,,49.19,0.0,0.0,5.7771,5.7771,0.524,0.618,0.32,2010-09-15,2.9807,0.0,0.6
B,ok,,15.94,11.097,2020-03-16,50.19,0.3959,0.0759,6.4241,6.82,0.524,0.618,0.32,2010-09-15,3.1753,0.0,0.6
C1,ok,,15.94,1.974,2011-10-03,48.19,0.3959,0.0759,6.4241,6.82,0.524,0.618,0.32,2010-09-15,3.1753,0.0,0.6
C2,ok,,15.94,1.974,2011-10-03,48.19,0.352,0.072,6.082,6.434,0.473,0.606,0.32,2010-09-15,3.1753,0.4,0.6
A,ok,,15.77,,,48.47,0.0,0.0,7.0766,7.0766,0.601,0.715,0.32,2010-11-17,3.502,0.0,0.7
B,ok,,15.77,11.667,2018-12-24,49.45,0.3943,0.0743,7.9051,8.2994,0.601,0.715,0.32,2010-11-17,3.7658,0.0,0.7
C1,ok,,15.77,1.949,2011-08-19,47.46,0.3943,0.0743,7.9051,8.2994,0.601,0.715,0.32,2010-11-17,3.7658,0.0,0.7
C2,ok,,15.77,1.949,2011-08-19,47.46,0.3722,0.0722,7.4283,7.8004,0.476,0.703,0.32,2010-11-17,3.7658,0.1,0.7
A,ok,,15.77,,,48.65,0.0,0.0,5.5337,5.5337,0.491,0.618,0.32,2010-11-17,2.9703,0.1,0.6
B,ok,,15.77,10.631,2020-03-16,49.64,0.3943,0.0743,6.1775,6.5718,0.491,0.618,0.32,2010-11-17,3.1827,0.1,0.6
C1,ok,,15.77,1.949,2011-08-19,47.61,0.3943,0.0743,6.1775,6.5718,0.491,0.618,0.32,2010-11-17,3.1827,0.1,0.6
C2,ok,,15.77,1.949,2011-08-19,47.61,0.3722,0.0722,5.9759,6.3481,0.476,0.612,0.32,2010-11-17,3.1827,0.2,0.6
A,ok,,15.6,,,44.98,0.0,0.0,6.4611,6.4611,0.629,0.713,0.32,2011-01-19,3.5104,0.0,0.7
B,ok,,15.6,11.127,2020-03-16,45.91,0.3927,0.0727,7.244,7.6367,0.629,0.713,0.32,2011-01-19,3.7992,0.0,0.7
C1,ok,,15.6,1.87,2011-08-19,44.01,0.3927,0.0727,7.244,7.6367,0.629,0.713,0.32,2011-01-19,3.7992,0.0,0.7
C2,ok,,15.6,1.87,2011-08-19,44.01,0.3707,0.0707,6.7023,7.073,0.5,0.701,0.32,2011-01-19,3.7992,0.0,0.7
A,ok,,15.6,,,45.63,0.0,0.0,5.1046,5.1046,0.522,0.616,0.32,2011-01-19,2.9823,0.0,0.6
B,ok,,15.6,10.132,2020-03-16,46.57,0.3927,0.0727,5.7139,6.1066,0.522,0.616,0.32,2011-01-19,3.2148,0.0,0.6
C1,ok,,15.6,1.87,2011-08-19,44.67,0.3927,0.0727,5.7139,6.1066,0.522,0.616,0.32,2011-01-19,3.2148,0.0,0.6
C2,ok,,15.6,1.87,2011-08-19,44.67,0.3707,0.0707,5.4823,5.853,0.5,0.61,0.32,2011-01-19,3.2148,0.0,0.6
A,ok,,15.42,,,45.88,0.0,0.0,6.6031,6.6031,0.622,0.718,0.32,2011-03-23,3.5331,0.0,0.7
B,ok,,15.42,11.767,2020-04-01,46.81,0.3912,0.0712,7.37,7.7612,0.622,0.718,0.32,2011-03-23,3.8059,0.0,0.7
C1,ok,,15.42,1.887,2011-08-19,44.9,0.3912,0.0712,7.37,7.7612,0.622,0.718,0.32,2011-03-23,3.8059,0.0,0.7
C2,ok,,15.42,1.887,2011-08-19,44.9,0.3912,0.0712,7.37,7.7612,0.622,0.718,0.32,2011-03-23,3.8059,0.0,0.7
A,ok,,15.42,,,46.38,0.0,0.0,5.1947,5.1947,0.515,0.621,0.32,2011-03-23,3.0003,0.0,0.6
B,ok,,15.42,10.566,2020-04-01,47.33,0.3912,0.0712,5.7925,6.1836,0.515,0.621,0.32,2011-03-23,3.2211,0.0,0.6
C1,ok,,15.42,1.887,2011-08-19,45.42,0.3912,0.0712,5.7925,6.1836,0.515,0.621,0.32,2011-03-23,3.2211,0.0,0.6
C2,ok,,15.42,1.887,2011-08-19,45.42,0.3912,0.0712,5.7925,6.1836,0.515,0.621,0.32,2011-03-23,3.2211,0.0,0.6
A,ok,,15.25,,,45.18,0.0,0.0,6.4316,6.4316,0.662,0.716,0.32,2011-05-25,3.6003,0.0,0.7
B,ok,,15.25,12.113,2020-03-16,46.1,0.3896,0.0696,7.1583,7.5479,0.662,0.716,0.32,2011-05-25,3.8769,0.0,0.7
C1,ok,,15.25,1.875,2011-08-19,44.21,0.3896,0.0696,7.1583,7.5479,0.662,0.716,0.32,2011-05-25,3.8769,0.0,0.7
C2,ok,,15.25,1.875,2011-08-19,44.21,0.3896,0.0696,7.1583,7.5479,0.662,0.716,0.32,2011-05-25,3.8769,0.0,0.7
A,ok,,15.25,,,45.76,0.0,0.0,5.0565,5.0565,0.557,0.618,0.32,2011-05-25,3.0425,0.0,0.6
B,ok,,15.25,10.967,2022-12-28,46.69,0.3896,0.0696,5.6207,6.0103,0.557,0.618,0.32,2011-05-25,3.2648,0.0,0.6
C1,ok,,15.25,1.875,2011-08-19,44.81,0.3896,0.0696,5.6207,6.0103,0.557,0.618,0.32,2011-05-25,3.2648,0.0,0.6
C2,ok,,15.25,1.875,2011-08-19,44.81,0.3896,0.0696,5.6207,6.0103,0.557,0.618,0.32,2011-05-25,3.2648,0.0,0.6
A,ok,,15.08,,,43.45,0.0,0.0,6.1752,6.1752,0.631,0.712,0.32,2011-07-27,3.6823,0.0,0.7
B,ok,,15.08,11.715,2020-03-16,44.35,0.3881,0.0681,6.8708,7.2588,0.631,0.712,0.32,2011-07-27,3.976,0.0,0.7
C1,ok,,15.08,1.859,2011-08-19,42.49,0.3881,0.0681,6.8708,7.2588,0.631,0.712,0.32,2011-07-27,3.976,0.0,0.7
C2,ok,,15.08,1.859,2011-08-19,42.49,0.3881,0.0681,6.8708,7.2588,0.631,0.712,0.32,2011-07-27,3.976,0.0,0.7
A,ok,,15.08,,,44.24,0.0,0.0,4.8809,4.8809,0.524,0.614,0.32,2011-07-27,3.1019,0.0,0.6
B,ok,,15.08,10.674,2020-03-16,45.15,0.3881,0.0681,5.4217,5.8097,0.524,0.614,0.32,2011-07-27,3.3369,0.0,0.6
C1,ok,,15.08,1.859,2011-08-19,43.29,0.3881,0.0681,5.4217,5.8097,0.524,0.614,0.32,2011-07-27,3.3369,0.0,0.6
C2,ok,,15.08,1.859,2011-08-19,43.29,0.3881,0.0681,5.4217,5.8097,0.524,0.614,0.32,2011-07-27,3.3369,0.0,0.6
A,ok,,14.9,,,46.38,0.0,0.0,6.6401,6.6401,0.636,0.717,0.3,2011-09-28,3.8891,0.0,0.7
B,ok,,14.9,12.385,2020-03-16,47.33,0.3666,0.0666,7.3387,7.7053,0.636,0.717,0.3,2011-09-28,4.1758,0.0,0.7
C1,ok,,14.9,1.937,2011-10-03,45.39,0.3666,0.0666,7.3387,7.7053,0.636,0.717,0.3,2011-09-28,4.1758,0.0,0.7
C2,ok,,14.9,1.937,2011-10-03,45.39,0.3228,0.0628,6.5879,6.9107,0.479,0.691,0.3,2011-09-28,4.1758,0.2,0.7
A,ok,,14.9,,,46.75,0.0,0.0,5.2183,5.2183,0.529,0.62,0.3,2011-09-28,3.2556,0.0,0.6
B,ok,,14.9,11.203,2020-03-16,47.71,0.3666,0.0666,5.763,6.1296,0.529,0.62,0.3,2011-09-28,3.4855,0.0,0.6
C1,ok,,14.9,1.937,2011-10-03,45.78,0.3666,0.0666,5.763,6.1296,0.529,0.62,0.3,2011-09-28,3.4855,0.0,0.6
C2,ok,,14.9,1.937,2011-10-03,45.78,0.3228,0.0628,5.4408,5.7636,0.479,0.607,0.3,2011-09-28,3.4855,0.2,0.6
A,ok,,14.73,,,49.12,0.0,0.0,6.8282,6.8282,0.609,0.715,0.3,2011-11-30,4.1376,0.0,0.7
B,ok,,14.73,12.645,2020-03-16,50.09,0.3651,0.0651,7.5119,7.877,0.609,0.715,0.3,2011-11-30,4.4369,0.0,0.7
C1,ok,,14.73,1.964,2011-12-19,48.13,0.3651,0.0651,7.5119,7.877,0.609,0.715,0.3,2011-11-30,4.4369,0.0,0.7
C2,ok,,14.73,1.964,2011-12-19,48.13,0.343,0.063,7.0343,7.3774,0.48,0.702,0.3,2011-11-30,4.4369,0.1,0.7
A,ok,,14.73,,,49.11,0.0,0.0,5.3622,5.3622,0.5,0.618,0.3,2011-11-30,3.4365,0.0,0.6
B,ok,,14.73,11.422,2020-03-16,50.09,0.3651,0.0651,5.8975,6.2626,0.5,0.618,0.3,2011-11-30,3.676,0.0,0.6
C1,ok,,14.73,1.964,2011-12-19,48.13,0.3651,0.0651,5.8975,6.2626,0.5,0.618,0.3,2011-11-30,3.676,0.0,0.6
C2,ok,,14.73,1.964,2011-12-19,48.13,0.343,0.063,5.6943,6.0373,0.48,0.611,0.3,2011-11-30,3.676,0.1,0.6
A,ok,,14.56,,,49.1,0.0,0.0,6.1374,6.1374,0.627,0.715,0.3,2012-02-01,3.5765,0.0,0.7
B,ok,,14.56,11.852,2020-03-16,50.09,0.3637,0.0637,6.7858,7.1495,0.627,0.715,0.3,2012-02-01,3.8358,0.0,0.7
C1,ok,,14.56,1.98,2012-06-01,48.09,0.3637,0.0637,6.7858,7.1495,0.627,0.715,0.3,2012-02-01,3.8358,0.0,0.7
C2,ok,,14.56,1.98,2012-06-01,48.09,0.3637,0.0637,6.7858,7.1495,0.627,0.715,0.3,2012-02-01,3.8358,0.0,0.7
A,ok,,14.56,,,49.13,0.0,0.0,4.8616,4.8616,0.519,0.617,0.3,2012-02-01,3.027,0.0,0.6
B,ok,,14.56,10.835,2020-03-16,50.13,0.3637,0.0637,5.3672,5.7309,0.519,0.617,0.3,2012-02-01,3.2353,0.0,0.6
C1,ok,,14.56,1.98,2012-06-01,48.13,0.3637,0.0637,5.3672,5.7309,0.519,0.617,0.3,2012-02-01,3.2353,0.0,0.6
C2,ok,,14.56,1.98,2012-06-01,48.13,0.3637,0.0637,5.3672,5.7309,0.519,0.617,0.3,2012-02-01,3.2353,0.0,0.6
A,ok,,14.39,,,45.09,0.0,0.0,5.6072,5.6072,0.633,0.718,0.3,2012-04-04,3.2754,0.0,0.7
B,ok,,14.39,11.908,2020-03-16,46.02,0.3622,0.0622,6.2394,6.6016,0.633,0.718,0.3,2012-04-04,3.5235,0.0,0.7
C1,ok,,14.39,1.892,2012-06-01,44.12,0.3622,0.0622,6.2394,6.6016,0.633,0.718,0.3,2012-04-04,3.5235,0.0,0.7
C2,ok,,14.39,1.892,2012-06-01,44.12,0.3622,0.0622,6.2394,6.6016,0.633,0.718,0.3,2012-04-04,3.5235,0.0,0.7
A,ok,,14.39,,,45.67,0.0,0.0,4.5036,4.5036,0.526,0.621,0.3,2012-04-04,2.8093,0.0,0.6
B,ok,,14.39,10.768,2022-12-28,46.61,0.3622,0.0622,5.0002,5.3624,0.526,0.621,0.3,2012-04-04,3.0099,0.0,0.6
C1,ok,,14.39,1.892,2012-06-01,44.71,0.3622,0.0622,5.0002,5.3624,0.526,0.621,0.3,2012-04-04,3.0099,0.0,0.6
C2,ok,,14.39,1.892,2012-06-01,44.71,0.3622,0.0622,5.0002,5.3624,0.526,0.621,0.3,2012-04-04,3.0099,0.0,0.6
A,ok,,14.22,,,49.41,0.0,0.0,6.1422,6.1422,0.656,0.716,0.3,2012-06-06,3.1833,0.0,0.7
B,ok,,14.22,12.925,2020-03-16,50.4,0.3608,0.0608,6.7484,7.1091,0.656,0.716,0.3,2012-06-06,3.3676,0.0,0.7
C1,ok,,14.22,1.981,2012-11-15,48.41,0.3608,0.0608,6.7484,7.1091,0.656,0.716,0.3,2012-06-06,3.3676,0.0,0.7
C2,ok,,14.22,1.981,2012-11-15,48.41,0.3384,0.0584,6.4372,6.7756,0.473,0.702,0.3,2012-06-06,3.3676,0.4,0.7
A,ok,,14.22,,,49.35,0.0,0.0,4.8689,4.8689,0.551,0.618,0.3,2012-06-06,2.7411,0.0,0.6
B,ok,,14.22,11.411,2022-12-28,50.35,0.3608,0.0608,5.3443,5.7051,0.551,0.618,0.3,2012-06-06,2.8912,0.0,0.6
C1,ok,,14.22,1.981,2012-11-15,48.36,0.3608,0.0608,5.3443,5.7051,0.551,0.618,0.3,2012-06-06,2.8912,0.0,0.6
C2,ok,,14.22,1.981,2012-11-15,48.36,0.3384,0.0584,5.2094,5.5478,0.473,0.611,0.3,2012-06-06,2.8912,0.4,0.6
A,ok,,14.04,,,46.79,0.0,0.0,5.6856,5.6856,0.629,0.712,0.3,2012-08-08,3.1984,0.0,0.7
B,ok,,14.04,12.149,2020-03-16,47.75,0.3593,0.0593,6.2546,6.6139,0.629,0.712,0.3,2012-08-08,3.3994,0.0,0.7
C1,ok,,14.04,1.924,2012-11-15,45.81,0.3593,0.0593,6.2546,6.6139,0.629,0.712,0.3,2012-08-08,3.3994,0.0,0.7
C2,ok,,14.04,1.924,2012-11-15,45.81,0.3593,0.0593,6.2546,6.6139,0.629,0.712,0.3,2012-08-08,3.3994,0.0,0.7
A,ok,,14.04,,,47.15,0.0,0.0,4.5406,4.5406,0.521,0.614,0.3,2012-08-08,2.7524,0.0,0.6
B,ok,,14.04,10.908,2022-12-28,48.11,0.3593,0.0593,4.9865,5.3459,0.521,0.614,0.3,2012-08-08,2.9158,0.0,0.6
C1,ok,,14.04,1.924,2012-11-15,46.17,0.3593,0.0593,4.9865,5.3459,0.521,0.614,0.3,2012-08-08,2.9158,0.0,0.6
C2,ok,,14.04,1.924,2012-11-15,46.17,0.3593,0.0593,4.9865,5.3459,0.521,0.614,0.3,2012-08-08,2.9158,0.0,0.6
A,ok,,13.87,,,46.35,0.0,0.0,5.7299,5.7299,0.619,0.718,0.28,2012-10-10,2.7123,0.0,0.7
B,ok,,13.87,12.084,2020-03-16,47.3,0.338,0.058,6.3108,6.6488,0.619,0.718,0.28,2012-10-10,2.849,0.0,0.7
C1,ok,,13.87,1.924,2012-11-15,45.38,0.338,0.058,6.3108,6.6488,0.619,0.718,0.28,2012-10-10,2.849,0.0,0.7
C2,ok,,13.87,1.924,2012-11-15,45.38,0.3158,0.0558,5.9351,6.2509,0.491,0.704,0.28,2012-10-10,2.849,0.1,0.7
A,ok,,13.87,,,46.75,0.0,0.0,4.5932,4.5932,0.511,0.621,0.28,2012-10-10,2.3941,0.0,0.6
B,ok,,13.87,10.851,2022-12-28,47.7,0.338,0.058,5.0509,5.3888,0.511,0.621,0.28,2012-10-10,2.5073,0.0,0.6
C1,ok,,13.87,1.924,2012-11-15,45.77,0.338,0.058,5.0509,5.3888,0.511,0.621,0.28,2012-10-10,2.5073,0.0,0.6
C2,ok,,13.87,1.924,2012-11-15,45.77,0.3158,0.0558,4.8864,5.2021,0.491,0.614,0.28,2012-10-10,2.5073,0.1,0.6
A,ok,,13.7,,,48.06,0.0,0.0,5.9088,5.9088,0.602,0.714,0.28,2012-12-12,2.9689,0.0,0.7
B,ok,,13.7,12.419,2020-03-16,49.04,0.3366,0.0566,6.4699,6.8065,0.602,0.714,0.28,2012-12-12,3.1207,0.0,0.7
C1,ok,,13.7,1.973,2012-12-28,47.06,0.3366,0.0566,6.4699,6.8065,0.602,0.714,0.28,2012-12-12,3.1207,0.0,0.7
C2,ok,,13.7,1.973,2012-12-28,47.06,0.3146,0.0546,5.9843,6.2989,0.485,0.7,0.28,2012-12-12,3.1207,0.1,0.7
A,ok,,13.7,,,48.2,0.0,0.0,4.7327,4.7327,0.493,0.617,0.28,2012-12-12,2.5926,0.0,0.6
B,ok,,13.7,11.141,2022-12-28,49.18,0.3366,0.0566,5.1765,5.5132,0.493,0.617,0.28,2012-12-12,2.718,0.0,0.6
C1,ok,,13.7,1.973,2012-12-28,47.21,0.3366,0.0566,5.1765,5.5132,0.493,0.617,0.28,2012-12-12,2.718,0.0,0.6
C2,ok,,13.7,1.973,2012-12-28,47.21,0.3146,0.0546,4.9652,5.2798,0.485,0.61,0.28,2012-12-12,2.718,0.1,0.6
A,ok,,13.54,,,48.29,0.0,0.0,5.6753,5.6753,0.627,0.714,0.28,2013-02-13,3.0361,0.0,0.7
B,ok,,13.54,12.364,2020-03-16,49.28,0.3353,0.0553,6.2011,6.5364,0.627,0.714,0.28,2013-02-13,3.1957,0.0,0.7
C1,ok,,13.54,1.974,2013-02-25,47.3,0.3353,0.0553,6.2011,6.5364,0.627,0.714,0.28,2013-02-13,3.1957,0.0,0.7
C2,ok,,13.54,1.974,2013-02-25,47.3,0.3353,0.0553,6.2011,6.5364,0.627,0.714,0.28,2013-02-13,3.1957,0.0,0.7
A,ok,,13.54,,,48.4,0.0,0.0,4.5484,4.5484,0.519,0.616,0.28,2013-02-13,2.6361,0.0,0.6
B,ok,,13.54,11.43,2020-03-16,49.38,0.3353,0.0553,4.9624,5.2977,0.519,0.616,0.28,2013-02-13,2.7664,0.0,0.6
C1,ok,,13.54,1.974,2013-02-25,47.41,0.3353,0.0553,4.9624,5.2977,0.519,0.616,0.28,2013-02-13,2.7664,0.0,0.6
C2,ok,,13.54,1.974,2013-02-25,47.41,0.3353,0.0553,4.9624,5.2977,0.519,0.616,0.28,2013-02-13,2.7664,0.0,0.6
A,ok,,13.37,,,47.85,0.0,0.0,5.5221,5.5221,0.635,0.719,0.28,2013-04-17,3.0249,0.0,0.7
B,ok,,13.37,13.019,2022-12-28,48.84,0.3339,0.0539,6.0408,6.3748,0.635,0.719,0.28,2013-04-17,3.1889,0.0,0.7
C1,ok,,13.37,1.986,2013-04-18,46.85,0.3339,0.0539,6.0408,6.3748,0.635,0.719,0.28,2013-04-17,3.1889,0.0,0.7
C2,ok,,13.37,1.986,2013-04-18,46.85,0.3339,0.0539,6.0408,6.3748,0.635,0.719,0.28,2013-04-17,3.1889,0.0,0.7
A,ok,,13.37,,,48.01,0.0,0.0,4.4339,4.4339,0.528,0.622,0.28,2013-04-17,2.6235,0.0,0.6
B,ok,,13.37,11.616,2022-12-28,49.01,0.3339,0.0539,4.8427,5.1767,0.528,0.622,0.28,2013-04-17,2.7572,0.0,0.6
C1,ok,,13.37,1.986,2013-04-18,47.02,0.3339,0.0539,4.8427,5.1767,0.528,0.622,0.28,2013-04-17,2.7572,0.0,0.6
C2,ok,,13.37,1.986,2013-04-18,47.02,0.3339,0.0539,4.8427,5.1767,0.528,0.622,0.28,2013-04-17,2.7572,0.0,0.6
A,ok,,13.19,,,47.3,0.0,0.0,5.3283,5.3283,0.642,0.715,0.28,2013-06-19,3.232,0.0,0.7
B,ok,,13.19,12.495,2022-12-28,48.27,0.3326,0.0526,5.8216,6.1542,0.642,0.715,0.28,2013-06-19,3.4296,0.0,0.7
C1,ok,,13.19,1.961,2013-06-24,46.31,0.3326,0.0526,5.8216,6.1542,0.642,0.715,0.28,2013-06-19,3.4296,0.0,0.7
C2,ok,,13.19,1.961,2013-06-24,46.31,0.3102,0.0502,5.5205,5.8307,0.479,0.7,0.28,2013-06-19,3.2512,0.2,0.7
A,ok,,13.19,,,47.54,0.0,0.0,4.3049,4.3049,0.535,0.617,0.28,2013-06-19,2.7841,0.0,0.6
B,ok,,13.19,11.201,2022-12-28,48.52,0.3326,0.0526,4.695,5.0276,0.535,0.617,0.28,2013-06-19,2.9453,0.0,0.6
C1,ok,,13.19,1.961,2013-06-24,46.56,0.3326,0.0526,4.695,5.0276,0.535,0.617,0.28,2013-06-19,2.9453,0.0,0.6
C2,ok,,13.19,1.961,2013-06-24,46.56,0.3102,0.0502,4.5616,4.8718,0.479,0.61,0.28,2013-06-19,2.8645,0.2,0.6
A,ok,,13.02,,,48.76,0.0,0.0,5.1858,5.1858,0.626,0.714,0.28,2013-08-21,3.1277,0.0,0.7
B,ok,,13.02,12.339,2022-12-28,49.76,0.3312,0.0512,5.6568,5.988,0.626,0.714,0.28,2013-08-21,3.309,0.0,0.7
C1,ok,,13.02,1.996,2013-08-27,47.76,0.3312,0.0512,5.6568,5.988,0.626,0.714,0.28,2013-08-21,3.309,0.0,0.7
C2,ok,,13.02,1.996,2013-08-27,47.76,0.3312,0.0512,5.6568,5.988,0.626,0.714,0.28,2013-08-21,3.309,0.0,0.7
A,ok,,13.02,,,48.8,0.0,0.0,4.1993,4.1993,0.518,0.616,0.28,2013-08-21,2.7062,0.0,0.6
B,ok,,13.02,11.105,2022-12-28,49.79,0.3312,0.0512,4.5718,4.903,0.518,0.616,0.28,2013-08-21,2.8542,0.0,0.6
C1,ok,,13.02,1.996,2013-08-27,47.8,0.3312,0.0512,4.5718,4.903,0.518,0.616,0.28,2013-08-21,2.8542,0.0,0.6
C2,ok,,13.02,1.996,2013-08-27,47.8,0.3312,0.0512,4.5718,4.903,0.518,0.616,0.28,2013-08-21,2.8542,0.0,0.6
A,ok,,12.84,,,48.59,0.0,0.0,4.8787,4.8787,0.613,0.717,0.26,2013-10-23,2.8236,0.0,0.7
B,ok,,12.84,11.569,2022-12-28,49.58,0.31,0.05,5.3441,5.6541,0.613,0.717,0.26,2013-10-23,2.9865,0.0,0.7
C1,ok,,12.84,1.956,2016-02-09,47.59,0.31,0.05,5.3441,5.6541,0.613,0.717,0.26,2013-10-23,2.9865,0.0,0.7
C2,ok,,12.84,1.956,2016-02-09,47.59,0.2662,0.0462,4.7381,5.0043,0.483,0.687,0.26,2013-10-23,2.8614,0.1,0.7
A,ok,,12.84,,,48.65,0.0,0.0,3.9911,3.9911,0.505,0.62,0.26,2013-10-23,2.4763,0.0,0.6
B,ok,,12.84,10.486,2022-12-28,49.65,0.31,0.05,4.3614,4.6714,0.505,0.62,0.26,2013-10-23,2.6104,0.0,0.6
C1,ok,,12.84,1.956,2016-02-09,47.66,0.31,0.05,4.3614,4.6714,0.505,0.62,0.26,2013-10-23,2.6104,0.0,0.6
C2,ok,,12.84,1.956,2016-02-09,47.66,0.2662,0.0462,4.0881,4.3543,0.483,0.605,0.26,2013-10-23,2.5529,0.1,0.6
A,ok,,12.67,,,47.79,0.0,0.0,4.7421,4.7421,0.599,0.714,0.26,2013-12-25,3.142,0.0,0.7
B,ok,,12.67,11.316,2023-01-05,48.77,0.3087,0.0487,5.1972,5.5059,0.599,0.714,0.26,2013-12-25,3.3573,0.0,0.7
C1,ok,,12.67,1.912,2016-02-09,46.8,0.3087,0.0487,5.1972,5.5059,0.599,0.714,0.26,2013-12-25,3.3573,0.0,0.7
C2,ok,,12.67,1.912,2016-02-09,46.8,0.2866,0.0466,4.777,5.0636,0.495,0.699,0.26,2013-12-25,3.0796,0.0,0.7
A,ok,,12.67,,,47.98,0.0,0.0,3.9139,3.9139,0.49,0.617,0.26,2013-12-25,2.7365,0.1,0.6
B,ok,,12.67,10.332,2023-01-05,48.96,0.3087,0.0487,4.2787,4.5874,0.49,0.617,0.26,2013-12-25,2.9149,0.1,0.6
C1,ok,,12.67,1.912,2016-02-09,47.0,0.3087,0.0487,4.2787,4.5874,0.49,0.617,0.26,2013-12-25,2.9149,0.1,0.6
C2,ok,,12.67,1.912,2016-02-09,47.0,0.2866,0.0466,4.0891,4.3757,0.49,0.609,0.26,2013-12-25,2.7856,0.1,0.6
A,ok,,12.5,,,46.89,0.0,0.0,4.5285,4.5285,0.634,0.716,0.26,2014-02-26,3.1575,0.0,0.7
B,ok,,12.5,11.304,2020-03-16,47.85,0.3075,0.0475,4.9572,5.2646,0.634,0.716,0.26,2014-02-26,3.3779,0.0,0.7
C1,ok,,12.5,1.934,2014-04-11,45.9,0.3075,0.0475,4.9572,5.2646,0.634,0.716,0.26,2014-02-26,3.3779,0.0,0.7
C2,ok,,12.5,1.934,2014-04-11,45.9,0.2855,0.0455,4.5461,4.8316,0.498,0.701,0.26,2014-02-26,3.1104,0.0,0.7
A,ok,,12.5,,,47.21,0.0,0.0,3.7389,3.7389,0.527,0.619,0.26,2014-02-26,2.7334,0.0,0.6
B,ok,,12.5,10.525,2023-03-10,48.17,0.3075,0.0475,4.0808,4.3882,0.527,0.619,0.26,2014-02-26,2.9137,0.0,0.6
C1,ok,,12.5,1.934,2014-04-11,46.23,0.3075,0.0475,4.0808,4.3882,0.527,0.619,0.26,2014-02-26,2.9137,0.0,0.6
C2,ok,,12.5,1.934,2014-04-11,46.23,0.2855,0.0455,3.8958,4.1813,0.498,0.611,0.26,2014-02-26,2.7901,0.0,0.6
A,ok,,12.33,,,48.74,0.0,0.0,4.6181,4.6181,0.654,0.719,0.26,2014-04-30,3.1381,0.0,0.7
B,ok,,12.33,12.196,2022-12-28,49.74,0.3062,0.0462,5.0369,5.3431,0.654,0.719,0.26,2014-04-30,3.3405,0.0,0.7
C1,ok,,12.33,1.958,2016-02-09,47.75,0.3062,0.0462,5.0369,5.3431,0.654,0.719,0.26,2014-04-30,3.3405,0.0,0.7
C2,ok,,12.33,1.958,2016-02-09,47.75,0.3062,0.0462,5.0369,5.3431,0.654,0.719,0.26,2014-04-30,3.3405,0.0,0.7
A,ok,,12.33,,,48.78,0.0,0.0,3.7966,3.7966,0.549,0.622,0.26,2014-04-30,2.7095,0.0,0.6
B,ok,,12.33,11.114,2022-12-28,49.78,0.3062,0.0462,4.1303,4.4365,0.549,0.622,0.26,2014-04-30,2.8743,0.0,0.6
C1,ok,,12.33,1.958,2016-02-09,47.79,0.3062,0.0462,4.1303,4.4365,0.549,0.622,0.26,2014-04-30,2.8743,0.0,0.6
C2,ok,,12.33,1.958,2016-02-09,47.79,0.3062,0.0462,4.1303,4.4365,0.549,0.622,0.26,2014-04-30,2.8743,0.0,0.6
A,ok,,12.15,,,48.03,0.0,0.0,4.3088,4.3088,0.634,0.713,0.26,2014-07-02,3.2931,0.0,0.7
B,ok,,12.15,11.472,2022-12-28,49.01,0.3049,0.0449,4.7015,5.0064,0.634,0.713,0.26,2014-07-02,3.5333,0.0,0.7
C1,ok,,12.15,1.916,2016-02-09,47.04,0.3049,0.0449,4.7015,5.0064,0.634,0.713,0.26,2014-07-02,3.5333,0.0,0.7
C2,ok,,12.15,1.916,2016-02-09,47.04,0.2826,0.0426,4.4706,4.7532,0.473,0.697,0.26,2014-07-02,3.3641,0.4,0.7
A,ok,,12.15,,,48.21,0.0,0.0,3.5707,3.5707,0.527,0.615,0.26,2014-07-02,2.8274,0.0,0.6
B,ok,,12.15,10.535,2022-12-28,49.19,0.3049,0.0449,3.8836,4.1885,0.527,0.615,0.26,2014-07-02,3.0224,0.0,0.6
C1,ok,,12.15,1.916,2016-02-09,47.22,0.3049,0.0449,3.8836,4.1885,0.527,0.615,0.26,2014-07-02,3.0224,0.0,0.6
C2,ok,,12.15,1.916,2016-02-09,47.22,0.2826,0.0426,3.7778,4.0604,0.473,0.607,0.26,2014-07-02,2.944,0.4,0.6
A,ok,,11.98,,,46.27,0.0,0.0,4.1741,4.1741,0.621,0.712,0.24,2014-09-03,2.951,0.0,0.7
B,ok,,11.98,11.158,2022-12-28,47.21,0.2837,0.0437,4.5514,4.8351,0.621,0.712,0.24,2014-09-03,3.1456,0.0,0.7
C1,ok,,11.98,1.921,2014-10-16,45.29,0.2837,0.0437,4.5514,4.8351,0.621,0.712,0.24,2014-09-03,3.1456,0.0,0.7
C2,ok,,11.98,1.921,2014-10-16,45.29,0.2615,0.0415,4.3274,4.5888,0.47,0.696,0.24,2014-09-03,2.9947,0.4,0.7
A,ok,,11.98,,,46.67,0.0,0.0,3.4816,3.4816,0.513,0.615,0.24,2014-09-03,2.5738,0.0,0.6
B,ok,,11.98,10.307,2022-12-28,47.63,0.2837,0.0437,3.7832,4.0669,0.513,0.615,0.24,2014-09-03,2.7329,0.0,0.6
C1,ok,,11.98,1.921,2014-10-16,45.7,0.2837,0.0437,3.7832,4.0669,0.513,0.615,0.24,2014-09-03,2.7329,0.0,0.6
C2,ok,,11.98,1.921,2014-10-16,45.7,0.2615,0.0415,3.6801,3.9415,0.47,0.606,0.24,2014-09-03,2.6627,0.4,0.6
A,ok,,11.81,,,47.43,0.0,0.0,4.2,4.2,0.601,0.714,0.24,2014-11-05,3.2869,0.0,0.7
B,ok,,11.81,11.181,2022-12-28,49.31,0.2825,0.0425,4.5769,4.8594,0.601,0.714,0.24,2014-11-05,3.5286,0.0,0.7
C1,ok,,11.81,1.868,2016-02-09,45.5,0.2825,0.0425,4.5769,4.8594,0.601,0.714,0.24,2014-11-05,3.5286,0.0,0.7
C2,ok,,11.81,1.868,2016-02-09,45.5,0.2604,0.0404,4.2827,4.5431,0.491,0.698,0.24,2014-11-05,3.305,0.0,0.7
A,ok,,11.81,,,47.75,0.0,0.0,3.5155,3.5155,0.492,0.616,0.24,2014-11-05,2.8407,0.0,0.6
B,ok,,11.81,10.351,2022-12-28,49.59,0.2825,0.0425,3.8187,4.1012,0.492,0.616,0.24,2014-11-05,3.039,0.0,0.6
C1,ok,,11.81,1.868,2016-02-09,45.83,0.2825,0.0425,3.8187,4.1012,0.492,0.616,0.24,2014-11-05,3.039,0.0,0.6
C2,ok,,11.81,1.868,2016-02-09,45.83,0.2604,0.0404,3.6832,3.9435,0.491,0.608,0.24,2014-11-05,2.9344,0.1,0.6
A,ok,,11.64,,,47.47,0.0,0.0,4.2124,4.2124,0.612,0.715,0.24,2015-01-07,3.2622,0.0,0.7
B,ok,,11.64,11.597,2023-01-10,49.39,0.2814,0.0414,4.5799,4.8612,0.612,0.715,0.24,2015-01-07,3.4909,0.0,0.7
C1,ok,,11.64,1.919,2016-02-09,45.49,0.2814,0.0414,4.5799,4.8612,0.612,0.715,0.24,2015-01-07,3.4909,0.0,0.7
C2,ok,,11.64,1.919,2016-02-09,45.49,0.2593,0.0393,4.2131,4.4725,0.5,0.699,0.24,2015-01-07,3.2144,0.0,0.7
A,ok,,11.64,,,47.7,0.0,0.0,3.5194,3.5194,0.504,0.618,0.24,2015-01-07,2.8191,0.0,0.6
B,ok,,11.64,10.666,2023-01-10,49.64,0.2814,0.0414,3.8145,4.0959,0.504,0.618,0.24,2015-01-07,3.0064,0.0,0.6
C1,ok,,11.64,1.919,2016-02-09,45.74,0.2814,0.0414,3.8145,4.0959,0.504,0.618,0.24,2015-01-07,3.0064,0.0,0.6
C2,ok,,11.64,1.919,2016-02-09,45.74,0.2593,0.0393,3.6467,3.906,0.5,0.61,0.24,2015-01-07,2.8774,0.0,0.6
A,ok,,11.47,,,46.53,0.0,0.0,4.0045,4.0045,0.65,0.722,0.24,2015-03-11,3.0028,0.0,0.7
B,ok,,11.47,11.669,2020-03-16,47.48,0.2802,0.0402,4.3651,4.6453,0.65,0.722,0.24,2015-03-11,3.2091,0.0,0.7
C1,ok,,11.47,1.895,2016-02-09,45.54,0.2802,0.0402,4.3651,4.6453,0.65,0.722,0.24,2015-03-11,3.2091,0.0,0.7
C2,ok,,11.47,1.895,2016-02-09,45.54,0.2346,0.0346,3.5749,3.8095,0.488,0.69,0.24,2015-03-11,2.6341,0.0,0.7
A,ok,,11.47,,,47.01,0.0,0.0,3.3647,3.3647,0.544,0.625,0.24,2015-03-11,2.6217,0.0,0.6
B,ok,,11.47,10.835,2023-03-14,47.97,0.2802,0.0402,3.6544,3.9346,0.544,0.625,0.24,2015-03-11,2.7909,0.0,0.6
C1,ok,,11.47,1.895,2016-02-09,45.96,0.2802,0.0402,3.6544,3.9346,0.544,0.625,0.24,2015-03-11,2.7909,0.0,0.6
C2,ok,,11.47,1.895,2016-02-09,45.96,0.2346,0.0346,3.2782,3.5128,0.488,0.609,0.24,2015-03-11,2.5109,0.0,0.6
A,ok,,11.29,,,45.81,0.0,0.0,3.8858,3.8858,0.662,0.718,0.24,2015-05-13,3.0772,0.0,0.7
B,ok,,11.29,11.711,2022-12-28,46.75,0.279,0.039,4.2178,4.4969,0.662,0.718,0.24,2015-05-13,3.2887,0.0,0.7
C1,ok,,11.29,1.875,2016-02-09,44.83,0.279,0.039,4.2178,4.4969,0.662,0.718,0.24,2015-05-13,3.2887,0.0,0.7
C2,ok,,11.29,1.875,2016-02-09,44.83,0.2348,0.0348,3.8737,4.1085,0.461,0.683,0.24,2015-05-13,3.0276,0.7,0.7
A,ok,,11.29,,,46.37,0.0,0.0,3.2588,3.2588,0.558,0.621,0.24,2015-05-13,2.6607,0.0,0.6
B,ok,,11.29,10.874,2022-12-28,47.32,0.279,0.039,3.5244,3.8034,0.558,0.621,0.24,2015-05-13,2.8322,0.0,0.6
C1,ok,,11.29,1.875,2016-02-09,45.3,0.279,0.039,3.5244,3.8034,0.558,0.621,0.24,2015-05-13,2.8322,0.0,0.6
C2,ok,,11.29,1.875,2016-02-09,45.3,0.2348,0.0348,3.3622,3.597,0.461,0.603,0.24,2015-05-13,2.7087,0.7,0.6
A,ok,,11.12,,,45.0,0.0,0.0,3.8332,3.8332,0.636,0.711,0.24,2015-07-15,3.2165,0.0,0.7
B,ok,,11.12,11.587,2022-12-28,45.92,0.2779,0.0379,4.1424,4.4203,0.636,0.711,0.24,2015-07-15,3.4354,0.0,0.7
C1,ok,,11.12,1.859,2016-02-09,44.03,0.2779,0.0379,4.1424,4.4203,0.636,0.711,0.24,2015-07-15,3.4354,0.0,0.7
C2,ok,,11.12,1.859,2016-02-09,44.03,0.2556,0.0356,3.898,4.1536,0.472,0.693,0.24,2015-07-15,3.2359,0.4,0.7
A,ok,,11.12,,,45.65,0.0,0.0,3.2208,3.2208,0.529,0.613,0.24,2015-07-15,2.7696,0.0,0.6
B,ok,,11.12,10.786,2022-12-28,46.58,0.2779,0.0379,3.4685,3.7464,0.529,0.613,0.24,2015-07-15,2.947,0.0,0.6
C1,ok,,11.12,1.859,2016-02-09,44.69,0.2779,0.0379,3.4685,3.7464,0.529,0.613,0.24,2015-07-15,2.947,0.0,0.6
C2,ok,,11.12,1.859,2016-02-09,44.69,0.2556,0.0356,3.3554,3.611,0.472,0.604,0.24,2015-07-15,2.8538,0.4,0.6
A,ok,,10.95,,,46.02,0.0,0.0,3.984,3.984,0.626,0.714,0.22,2015-09-16,3.4842,0.0,0.7
B,ok,,10.95,11.956,2022-12-28,46.96,0.2567,0.0367,4.2897,4.5465,0.626,0.714,0.22,2015-09-16,3.7224,0.0,0.7
C1,ok,,10.95,1.891,2016-02-09,45.04,0.2567,0.0367,4.2897,4.5465,0.626,0.714,0.22,2015-09-16,3.7224,0.0,0.7
C2,ok,,10.95,1.891,2016-02-09,45.04,0.2345,0.0345,4.0893,4.3238,0.471,0.696,0.22,2015-09-16,3.5505,0.4,0.7
A,ok,,10.95,,,46.5,0.0,0.0,3.3391,3.3391,0.519,0.616,0.22,2015-09-16,2.9716,0.0,0.6
B,ok,,10.95,11.093,2022-12-28,47.45,0.2567,0.0367,3.5847,3.8414,0.519,0.616,0.22,2015-09-16,3.1646,0.0,0.6
C1,ok,,10.95,1.891,2016-02-09,45.54,0.2567,0.0367,3.5847,3.8414,0.519,0.616,0.22,2015-09-16,3.1646,0.0,0.6
C2,ok,,10.95,1.891,2016-02-09,45.54,0.2345,0.0345,3.4914,3.7259,0.471,0.607,0.22,2015-09-16,3.0842,0.4,0.6
A,ok,,10.77,,,44.53,0.0,0.0,3.8958,3.8958,0.598,0.714,0.22,2015-11-18,3.4546,0.0,0.7
B,ok,,10.77,11.723,2022-12-28,45.43,0.2557,0.0357,4.1977,4.4534,0.598,0.714,0.22,2015-11-18,3.6955,0.0,0.7
C1,ok,,10.77,1.843,2016-02-09,43.57,0.2557,0.0357,4.1977,4.4534,0.598,0.714,0.22,2015-11-18,3.6955,0.0,0.7
C2,ok,,10.77,1.843,2016-02-09,43.57,0.2336,0.0336,3.922,4.1555,0.48,0.696,0.22,2015-11-18,3.4546,0.1,0.7
A,ok,,10.77,,,45.21,0.0,0.0,3.2876,3.2876,0.489,0.616,0.22,2015-11-18,2.9624,0.1,0.6
B,ok,,10.77,10.941,2022-12-28,46.12,0.2557,0.0357,3.5314,3.7871,0.489,0.616,0.22,2015-11-18,3.1587,0.1,0.6
C1,ok,,10.77,1.843,2016-02-09,44.27,0.2557,0.0357,3.5314,3.7871,0.489,0.616,0.22,2015-11-18,3.1587,0.1,0.6
C2,ok,,10.77,1.843,2016-02-09,44.27,0.2336,0.0336,3.4035,3.6371,0.48,0.607,0.22,2015-11-18,3.0461,0.2,0.6
A,ok,,10.61,,,47.41,0.0,0.0,4.1821,4.1821,0.624,0.715,0.22,2016-01-20,3.8116,0.0,0.7
B,ok,,10.61,13.368,2023-03-10,48.37,0.2546,0.0346,4.473,4.7276,0.624,0.715,0.22,2016-01-20,4.0553,0.0,0.7
C1,ok,,10.61,1.954,2016-02-09,46.42,0.2546,0.0346,4.473,4.7276,0.624,0.715,0.22,2016-01-20,4.0553,0.0,0.7
C2,ok,,10.61,1.954,2016-02-09,46.42,0.2326,0.0326,4.1315,4.3641,0.499,0.697,0.22,2016-01-20,3.7475,0.0,0.7
A,ok,,10.61,,,47.64,0.0,0.0,3.4909,3.4909,0.516,0.617,0.22,2016-01-20,3.2226,0.0,0.6
B,ok,,10.61,12.224,2023-03-10,48.61,0.2546,0.0346,3.7249,3.9795,0.516,0.617,0.22,2016-01-20,3.42,0.0,0.6
C1,ok,,10.61,1.954,2016-02-09,46.66,0.2546,0.0346,3.7249,3.9795,0.516,0.617,0.22,2016-01-20,3.42,0.0,0.6
C2,ok,,10.61,1.954,2016-02-09,46.66,0.2326,0.0326,3.5691,3.8017,0.499,0.608,0.22,2016-01-20,3.2786,0.0,0.6
A,ok,,10.43,,,47.28,0.0,0.0,3.9316,3.9316,0.626,0.722,0.22,2016-03-23,3.3645,0.0,0.7
B,ok,,10.43,13.279,2025-04-08,48.25,0.2536,0.0336,4.2219,4.4755,0.626,0.722,0.22,2016-03-23,3.5765,0.0,0.7
C1,ok,,10.43,1.947,2016-06-27,46.29,0.2536,0.0336,4.2219,4.4755,0.626,0.722,0.22,2016-03-23,3.5765,0.0,0.7
C2,ok,,10.43,1.947,2016-06-27,46.29,0.2536,0.0336,4.2219,4.4755,0.626,0.722,0.22,2016-03-23,3.5765,0.0,0.7
A,ok,,10.43,,,47.56,0.0,0.0,3.3038,3.3038,0.518,0.627,0.22,2016-03-23,2.8886,0.0,0.6
B,ok,,10.43,11.842,2025-04-08,48.54,0.2536,0.0336,3.5379,3.7914,0.518,0.627,0.22,2016-03-23,3.0613,0.0,0.6
C1,ok,,10.43,1.947,2016-06-27,46.58,0.2536,0.0336,3.5379,3.7914,0.518,0.627,0.22,2016-03-23,3.0613,0.0,0.6
C2,ok,,10.43,1.947,2016-06-27,46.58,0.2536,0.0336,3.5379,3.7914,0.518,0.627,0.22,2016-03-23,3.0613,0.0,0.6
A,ok,,10.26,,,47.15,0.0,0.0,3.9034,3.9034,0.663,0.718,0.22,2016-05-25,4.0105,0.0,0.7
B,ok,,10.26,13.333,2022-12-28,48.11,0.2525,0.0325,4.1675,4.4199,0.663,0.718,0.22,2016-05-25,4.2876,0.0,0.7
C1,ok,,10.26,1.935,2016-06-27,46.17,0.2525,0.0325,4.1675,4.4199,0.663,0.718,0.22,2016-05-25,4.2876,0.0,0.7
C2,ok,,10.26,1.935,2016-06-27,46.17,0.2083,0.0283,3.8211,4.0293,0.464,0.68,0.22,2016-05-25,3.9322,0.6,0.7
A,ok,,10.26,,,47.43,0.0,0.0,3.2723,3.2723,0.558,0.621,0.22,2016-05-25,3.3526,0.0,0.6
B,ok,,10.26,12.377,2022-12-28,48.39,0.2525,0.0325,3.4849,3.7373,0.558,0.621,0.22,2016-05-25,3.5752,0.0,0.6
C1,ok,,10.26,1.935,2016-06-27,46.45,0.2525,0.0325,3.4849,3.7373,0.558,0.621,0.22,2016-05-25,3.5752,0.0,0.6
C2,ok,,10.26,1.935,2016-06-27,46.45,0.2083,0.0283,3.3226,3.5308,0.464,0.602,0.22,2016-05-25,3.4089,0.6,0.6
A,ok,,10.09,,,49.13,0.0,0.0,3.7496,3.7496,0.63,0.712,0.22,2016-07-27,3.7623,0.0,0.7
B,ok,,10.09,12.951,2022-12-28,50.13,0.2514,0.0314,3.9906,4.242,0.63,0.712,0.22,2016-07-27,4.0028,0.0,0.7
C1,ok,,10.09,1.965,2018-12-24,48.13,0.2514,0.0314,3.9906,4.242,0.63,0.712,0.22,2016-07-27,4.0028,0.0,0.7
C2,ok,,10.09,1.965,2018-12-24,48.13,0.2514,0.0314,3.9906,4.242,0.63,0.712,0.22,2016-07-27,4.0028,0.0,0.7
A,ok,,10.09,,,49.15,0.0,0.0,3.1552,3.1552,0.523,0.614,0.22,2016-07-27,3.1693,0.0,0.6
B,ok,,10.09,12.083,2022-12-28,50.15,0.2514,0.0314,3.3492,3.6007,0.523,0.614,0.22,2016-07-27,3.363,0.0,0.6
C1,ok,,10.09,1.965,2018-12-24,48.15,0.2514,0.0314,3.3492,3.6007,0.523,0.614,0.22,2016-07-27,3.363,0.0,0.6
C2,ok,,10.09,1.965,2018-12-24,48.15,0.2514,0.0314,3.3492,3.6007,0.523,0.614,0.22,2016-07-27,3.363,0.0,0.6
